OrderID,OrderDate,Region,Salesperson,Product,Category,Units,UnitPrice,SalesAmount
ORD0001,06-22-25,West,Rahul,Sedan A,Sedan,7,690012.11,4830084.77
ORD0002,12-19-25,North,Priya,Sedan D,Sedan,3,908349.0,2725047.0
ORD0003,10-11-25,East,Priya,Hatchback C,Hatchback,2,737832.98,1475665.96
ORD0004,08-01-25,North,Sneha,Hatchback C,Hatchback,4,1046041.63,4184166.52
ORD0005,06-30-25,West,Neha,Sedan D,Sedan,4,823229.4,3292917.6
ORD0006,03-12-25,East,Amit,SUV B,SUV,9,1310805.28,11797247.52
ORD0007,11-03-25,South,Amit,Sedan D,Sedan,8,952589.6,7620716.8
ORD0008,03-27-25,South,Amit,SUV E,SUV,5,1200430.5,6002152.5
ORD0009,06-09-25,South,Amit,Hatchback C,Hatchback,9,1331114.79,11980033.11
ORD0010,08-25-25,West,Neha,Hatchback C,Hatchback,10,777376.88,7773768.8
ORD0011,12-25-25,North,Sneha,SUV B,SUV,10,1336247.66,13362476.6
ORD0012,12-17-25,North,Vikas,SUV E,SUV,4,1203131.44,4812525.76
ORD0013,07-14-25,South,Priya,SUV E,SUV,3,800370.67,2401112.01
ORD0014,03-12-25,East,Neha,Sedan D,Sedan,5,1331699.9,6658499.5
ORD0015,04-23-25,East,Priya,Sedan A,Sedan,6,720923.33,4325539.98
ORD0016,02-07-25,West,Vikas,Sedan A,Sedan,6,1174043.61,7044261.66
ORD0017,01-06-25,South,Rahul,Hatchback C,Hatchback,7,1188832.41,8321826.87
ORD0018,11-12-25,North,Vikas,Sedan D,Sedan,1,1091969.51,1091969.51
ORD0019,04-21-25,South,Sneha,SUV B,SUV,5,945045.0,4725225.0
ORD0020,12-26-25,South,Priya,Sedan D,Sedan,6,1440646.78,8643880.68
ORD0021,03-08-25,East,Sneha,Hatchback C,Hatchback,10,888837.69,8888376.9
ORD0022,12-20-25,West,Amit,SUV B,SUV,6,688754.59,4132527.54
ORD0023,04-01-25,West,Priya,SUV E,SUV,8,793066.03,6344528.24
ORD0024,07-09-25,East,Priya,Sedan D,Sedan,6,928976.43,5573858.58
ORD0025,05-14-25,North,Amit,Sedan D,Sedan,4,690913.11,2763652.44
ORD0026,08-16-25,West,Neha,Sedan D,Sedan,4,1085019.74,4340078.96
ORD0027,12-14-25,South,Rahul,SUV B,SUV,5,1153831.51,5769157.55
ORD0028,03-01-25,East,Amit,Hatchback C,Hatchback,3,1408005.28,4224015.84
ORD0029,06-27-25,South,Sneha,Hatchback C,Hatchback,7,788149.53,5517046.71
ORD0030,04-28-25,South,Sneha,Hatchback C,Hatchback,3,929534.63,2788603.89
ORD0031,01-29-25,West,Sneha,SUV E,SUV,8,737654.44,5901235.52
ORD0032,11-21-25,North,Amit,SUV B,SUV,3,805024.97,2415074.91
ORD0033,04-04-25,East,Amit,Sedan A,Sedan,4,508294.21,2033176.84
ORD0034,06-07-25,North,Vikas,SUV E,SUV,5,1371869.27,6859346.35
ORD0035,07-17-25,East,Rahul,Hatchback C,Hatchback,9,1172920.9,10556288.1
ORD0036,02-14-25,North,Rahul,Sedan A,Sedan,7,555743.2,3890202.4
ORD0037,05-24-25,East,Vikas,Sedan A,Sedan,5,557754.32,2788771.6
ORD0038,09-08-25,North,Neha,Sedan D,Sedan,10,810543.37,8105433.7
ORD0039,02-15-25,North,Priya,SUV E,SUV,10,528955.41,5289554.1
ORD0040,04-09-25,East,Rahul,SUV E,SUV,3,799179.39,2397538.17
ORD0041,02-11-25,South,Neha,Hatchback C,Hatchback,3,871154.6,2613463.8
ORD0042,01-25-25,East,Priya,SUV B,SUV,1,672095.19,672095.19
ORD0043,03-22-25,East,Vikas,Sedan D,Sedan,5,924424.52,4622122.6
ORD0044,05-29-25,West,Rahul,SUV E,SUV,8,566031.28,4528250.24
ORD0045,03-01-25,North,Vikas,Sedan A,Sedan,9,1421917.98,12797261.82
ORD0046,03-17-25,South,Amit,SUV B,SUV,2,1253170.47,2506340.94
ORD0047,10-03-25,South,Rahul,SUV E,SUV,9,615157.24,5536415.16
ORD0048,12-30-25,South,Neha,SUV E,SUV,4,1493145.63,5972582.52
ORD0049,07-27-25,East,Rahul,SUV B,SUV,5,801069.72,4005348.6
ORD0050,01-29-25,East,Amit,SUV E,SUV,9,1323355.38,11910198.42
ORD0051,07-02-25,North,Vikas,SUV B,SUV,8,1275962.56,10207700.48
ORD0052,05-24-25,East,Vikas,SUV B,SUV,3,1241247.27,3723741.81
ORD0053,11-10-25,North,Rahul,Sedan A,Sedan,2,1009769.64,2019539.28
ORD0054,08-02-25,West,Amit,SUV E,SUV,3,1365946.13,4097838.39
ORD0055,04-03-25,North,Rahul,Sedan A,Sedan,7,756721.21,5297048.47
ORD0056,07-27-25,North,Rahul,Sedan A,Sedan,1,1418271.86,1418271.86
ORD0057,07-30-25,West,Sneha,Hatchback C,Hatchback,4,862212.01,3448848.04
ORD0058,02-28-25,South,Neha,Sedan D,Sedan,3,1098609.05,3295827.15
ORD0059,05-09-25,East,Rahul,SUV B,SUV,8,1254101.22,10032809.76
ORD0060,05-09-25,East,Rahul,Sedan D,Sedan,7,1176218.79,8233531.53
ORD0061,09-27-25,North,Vikas,SUV E,SUV,6,1334034.6,8004207.6
ORD0062,01-02-25,West,Sneha,Sedan D,Sedan,5,1441971.22,7209856.1
ORD0063,02-25-25,East,Priya,SUV E,SUV,7,700577.9,4904045.3
ORD0064,01-31-25,North,Neha,Sedan D,Sedan,3,533322.64,1599967.92
ORD0065,09-01-25,South,Amit,SUV E,SUV,6,518480.7,3110884.2
ORD0066,03-13-25,North,Sneha,SUV B,SUV,8,577526.62,4620212.96
ORD0067,03-14-25,East,Sneha,SUV E,SUV,7,619155.28,4334086.96
ORD0068,01-20-25,West,Priya,Sedan A,Sedan,6,1164345.57,6986073.42
ORD0069,04-12-25,East,Vikas,Sedan A,Sedan,1,1079053.82,1079053.82
ORD0070,05-01-25,South,Neha,Sedan D,Sedan,9,1279463.36,11515170.24
ORD0071,02-01-25,North,Priya,SUV B,SUV,2,1191172.84,2382345.68
ORD0072,05-02-25,East,Vikas,SUV B,SUV,8,543789.0,4350312.0
ORD0073,01-14-25,South,Rahul,Sedan A,Sedan,2,1158644.21,2317288.42
ORD0074,11-16-25,South,Neha,Sedan A,Sedan,1,511389.78,511389.78
ORD0075,06-02-25,West,Sneha,SUV B,SUV,4,976927.4,3907709.6
ORD0076,09-07-25,East,Neha,Sedan A,Sedan,8,817190.24,6537521.92
ORD0077,04-14-25,West,Vikas,Hatchback C,Hatchback,8,1431818.65,11454549.2
ORD0078,05-02-25,North,Rahul,SUV E,SUV,3,1132146.19,3396438.57
ORD0079,12-21-25,North,Rahul,Sedan A,Sedan,4,684742.73,2738970.92
ORD0080,05-19-25,West,Vikas,Sedan D,Sedan,8,1483612.35,11868898.8
ORD0081,11-26-25,West,Amit,Sedan A,Sedan,6,747310.3,4483861.8
ORD0082,08-07-25,North,Vikas,Sedan A,Sedan,6,730927.95,4385567.7
ORD0083,06-06-25,South,Sneha,Hatchback C,Hatchback,1,1238678.39,1238678.39
ORD0084,08-24-25,East,Amit,SUV E,SUV,7,1020863.61,7146045.27
ORD0085,09-10-25,South,Amit,Sedan D,Sedan,8,610014.48,4880115.84
ORD0086,02-06-25,South,Sneha,SUV B,SUV,6,974960.73,5849764.38
ORD0087,01-17-25,East,Vikas,SUV E,SUV,7,927078.85,6489551.95
ORD0088,11-24-25,West,Rahul,SUV E,SUV,6,1451829.57,8710977.42
ORD0089,05-13-25,South,Rahul,SUV B,SUV,7,1239312.65,8675188.55
ORD0090,11-20-25,West,Vikas,Sedan A,Sedan,5,598861.48,2994307.4
ORD0091,10-16-25,East,Vikas,SUV B,SUV,3,611490.68,1834472.04
ORD0092,10-16-25,South,Amit,Sedan A,Sedan,7,1193297.82,8353084.74
ORD0093,10-14-25,North,Sneha,Sedan D,Sedan,4,633954.76,2535819.04
ORD0094,06-07-25,North,Rahul,Sedan D,Sedan,7,690336.49,4832355.43
ORD0095,04-19-25,West,Rahul,Sedan D,Sedan,10,1404316.71,14043167.1
ORD0096,09-03-25,North,Amit,SUV E,SUV,9,1191977.43,10727796.87
ORD0097,12-07-25,West,Sneha,Sedan D,Sedan,5,856338.3,4281691.5
ORD0098,05-25-25,South,Priya,Sedan A,Sedan,5,1104838.59,5524192.95
ORD0099,11-12-25,South,Rahul,SUV B,SUV,9,1096515.34,9868638.06
ORD0100,05-10-25,East,Amit,SUV E,SUV,1,828949.23,828949.23
ORD0101,10-13-25,East,Vikas,Sedan A,Sedan,5,784554.63,3922773.15
ORD0102,03-31-25,North,Neha,Sedan A,Sedan,4,560344.65,2241378.6
ORD0103,12-06-25,East,Vikas,SUV E,SUV,4,1135788.9,4543155.6
ORD0104,02-24-25,East,Rahul,SUV E,SUV,3,1218397.15,3655191.45
ORD0105,04-14-25,West,Neha,Hatchback C,Hatchback,1,583914.14,583914.14
ORD0106,08-10-25,East,Vikas,Sedan D,Sedan,6,1367559.27,8205355.62
ORD0107,08-27-25,South,Amit,SUV E,SUV,10,920975.07,9209750.7
ORD0108,04-01-25,East,Rahul,Hatchback C,Hatchback,2,972399.67,1944799.34
ORD0109,08-28-25,South,Rahul,SUV E,SUV,5,828560.45,4142802.25
ORD0110,12-31-25,North,Sneha,Sedan A,Sedan,8,1341201.08,10729608.64
ORD0111,11-09-25,North,Priya,SUV E,SUV,9,580822.62,5227403.58
ORD0112,03-31-25,South,Amit,Sedan D,Sedan,4,1183549.34,4734197.36
ORD0113,05-27-25,North,Neha,Sedan D,Sedan,3,559508.05,1678524.15
ORD0114,05-07-25,South,Rahul,SUV B,SUV,8,1390548.4,11124387.2
ORD0115,10-19-25,South,Priya,SUV B,SUV,8,954309.9,7634479.2
ORD0116,07-26-25,East,Vikas,Sedan D,Sedan,2,1384582.6,2769165.2
ORD0117,12-06-25,South,Rahul,Sedan D,Sedan,1,1467471.0,1467471.0
ORD0118,11-21-25,South,Priya,SUV E,SUV,1,1299897.03,1299897.03
ORD0119,01-18-25,West,Neha,Hatchback C,Hatchback,5,714280.62,3571403.1
ORD0120,08-14-25,East,Priya,SUV E,SUV,5,570550.03,2852750.15
ORD0121,09-24-25,East,Neha,Sedan D,Sedan,8,1231787.84,9854302.72
ORD0122,09-01-25,North,Rahul,SUV E,SUV,2,1230349.19,2460698.38
ORD0123,02-21-25,South,Neha,SUV B,SUV,2,666578.37,1333156.74
ORD0124,10-23-25,South,Neha,Hatchback C,Hatchback,3,867280.71,2601842.13
ORD0125,12-11-25,South,Rahul,SUV E,SUV,6,755807.31,4534843.86
ORD0126,02-02-25,South,Amit,Sedan A,Sedan,10,1065694.74,10656947.4
ORD0127,06-25-25,East,Neha,SUV E,SUV,6,762435.17,4574611.02
ORD0128,12-15-25,East,Priya,Sedan D,Sedan,5,691787.72,3458938.6
ORD0129,03-24-25,East,Rahul,Sedan D,Sedan,10,827040.57,8270405.7
ORD0130,12-11-25,East,Vikas,Sedan D,Sedan,4,936379.09,3745516.36
ORD0131,02-11-25,East,Amit,SUV E,SUV,7,788185.38,5517297.66
ORD0132,02-08-25,North,Priya,SUV E,SUV,3,1459208.53,4377625.59
ORD0133,06-06-25,North,Sneha,SUV E,SUV,9,1298556.36,11687007.24
ORD0134,07-22-25,East,Vikas,SUV E,SUV,9,1429405.07,12864645.63
ORD0135,01-11-25,South,Vikas,Sedan A,Sedan,10,884274.14,8842741.4
ORD0136,02-22-25,East,Neha,Sedan A,Sedan,6,591536.56,3549219.36
ORD0137,01-31-25,East,Amit,SUV E,SUV,10,737424.63,7374246.3
ORD0138,04-29-25,West,Sneha,Sedan D,Sedan,4,1033620.73,4134482.92
ORD0139,10-19-25,South,Vikas,Sedan D,Sedan,6,598449.51,3590697.06
ORD0140,12-14-25,East,Sneha,SUV B,SUV,3,845783.39,2537350.17
ORD0141,05-26-25,East,Priya,Hatchback C,Hatchback,2,1430596.7,2861193.4
ORD0142,05-12-25,North,Vikas,SUV B,SUV,5,1307716.27,6538581.35
ORD0143,11-29-25,South,Amit,SUV B,SUV,5,1113146.83,5565734.15
ORD0144,03-05-25,West,Rahul,Sedan D,Sedan,10,1047733.03,10477330.3
ORD0145,09-11-25,South,Amit,Sedan D,Sedan,1,1272119.32,1272119.32
ORD0146,09-11-25,West,Amit,Hatchback C,Hatchback,10,925753.7,9257537.0
ORD0147,10-21-25,East,Neha,Sedan A,Sedan,1,923961.62,923961.62
ORD0148,08-12-25,South,Priya,Hatchback C,Hatchback,4,1450989.62,5803958.48
ORD0149,06-10-25,East,Priya,Sedan A,Sedan,9,1265953.37,11393580.33
ORD0150,12-01-25,North,Rahul,Sedan D,Sedan,5,739145.93,3695729.65
ORD0151,10-15-25,West,Priya,Hatchback C,Hatchback,6,773546.26,4641277.56
ORD0152,08-19-25,South,Priya,SUV B,SUV,2,1450515.01,2901030.02
ORD0153,12-09-25,South,Priya,SUV E,SUV,8,1026600.57,8212804.56
ORD0154,05-27-25,East,Neha,SUV E,SUV,9,1438780.0,12949020.0
ORD0155,05-08-25,South,Sneha,Sedan D,Sedan,6,1176248.97,7057493.82
ORD0156,11-26-25,South,Priya,Sedan A,Sedan,6,996896.8,5981380.8
ORD0157,11-14-25,South,Priya,Hatchback C,Hatchback,1,1112488.43,1112488.43
ORD0158,04-15-25,East,Rahul,Sedan D,Sedan,10,838280.93,8382809.3
ORD0159,06-09-25,South,Amit,Sedan D,Sedan,3,715537.46,2146612.38
ORD0160,08-23-25,North,Priya,Sedan D,Sedan,2,1453506.02,2907012.04
ORD0161,06-21-25,West,Rahul,SUV E,SUV,10,649460.78,6494607.8
ORD0162,10-02-25,North,Sneha,Sedan D,Sedan,6,1423789.82,8542738.92
ORD0163,05-21-25,South,Rahul,Sedan D,Sedan,2,1193493.55,2386987.1
ORD0164,05-10-25,West,Neha,Sedan A,Sedan,3,826619.74,2479859.22
ORD0165,09-11-25,North,Sneha,SUV B,SUV,10,1475481.18,14754811.8
ORD0166,08-13-25,East,Vikas,SUV B,SUV,4,1162728.12,4650912.48
ORD0167,10-16-25,West,Neha,Hatchback C,Hatchback,1,905363.71,905363.71
ORD0168,05-03-25,South,Priya,Sedan A,Sedan,6,845548.44,5073290.64
ORD0169,03-14-25,South,Rahul,Sedan A,Sedan,7,636848.07,4457936.49
ORD0170,03-27-25,South,Amit,SUV E,SUV,3,935837.84,2807513.52
ORD0171,08-31-25,West,Neha,Sedan A,Sedan,2,937801.48,1875602.96
ORD0172,09-22-25,West,Sneha,SUV B,SUV,8,950869.24,7606953.92
ORD0173,05-27-25,East,Neha,Sedan A,Sedan,3,1419355.66,4258066.98
ORD0174,10-21-25,East,Vikas,Sedan A,Sedan,5,1047290.07,5236450.35
ORD0175,06-27-25,West,Rahul,Hatchback C,Hatchback,6,576519.71,3459118.26
ORD0176,02-04-25,South,Vikas,Sedan D,Sedan,1,888651.82,888651.82
ORD0177,09-20-25,North,Neha,Hatchback C,Hatchback,1,941709.59,941709.59
ORD0178,03-08-25,East,Rahul,Sedan D,Sedan,9,1450339.79,13053058.11
ORD0179,04-24-25,West,Amit,Sedan D,Sedan,5,1462782.24,7313911.2
ORD0180,10-12-25,East,Neha,SUV B,SUV,7,682984.0,4780888.0
ORD0181,03-09-25,North,Vikas,Hatchback C,Hatchback,1,1010629.32,1010629.32
ORD0182,10-31-25,West,Neha,Sedan D,Sedan,6,929232.11,5575392.66
ORD0183,08-22-25,South,Amit,SUV B,SUV,5,585506.97,2927534.85
ORD0184,01-24-25,North,Vikas,Sedan D,Sedan,9,1073903.4,9665130.6
ORD0185,11-14-25,South,Rahul,Sedan A,Sedan,7,1188425.79,8318980.53
ORD0186,03-26-25,East,Rahul,Sedan A,Sedan,10,1484602.52,14846025.2
ORD0187,09-25-25,West,Neha,SUV E,SUV,1,566747.01,566747.01
ORD0188,11-11-25,North,Neha,Sedan A,Sedan,5,838054.65,4190273.25
ORD0189,01-20-25,West,Amit,Hatchback C,Hatchback,7,972917.36,6810421.52
ORD0190,01-31-25,South,Sneha,Sedan D,Sedan,2,757197.38,1514394.76
ORD0191,10-09-25,South,Amit,Sedan A,Sedan,4,1079434.58,4317738.32
ORD0192,06-26-25,East,Neha,SUV E,SUV,2,1220778.81,2441557.62
ORD0193,11-29-25,East,Rahul,SUV E,SUV,5,809061.67,4045308.35
ORD0194,01-16-25,East,Priya,SUV E,SUV,4,859978.67,3439914.68
ORD0195,08-22-25,East,Rahul,Sedan D,Sedan,9,1481509.44,13333584.96
ORD0196,01-21-25,South,Vikas,SUV E,SUV,8,1327182.78,10617462.24
ORD0197,09-05-25,West,Rahul,Hatchback C,Hatchback,7,1477238.61,10340670.27
ORD0198,03-25-25,South,Amit,SUV B,SUV,2,1199530.68,2399061.36
ORD0199,03-22-25,West,Vikas,SUV B,SUV,2,1361826.14,2723652.28
ORD0200,05-17-25,North,Vikas,Sedan D,Sedan,2,1448783.97,2897567.94
ORD0201,06-17-25,West,Neha,Sedan D,Sedan,9,917255.55,8255299.95
ORD0202,08-04-25,North,Sneha,Sedan A,Sedan,8,1285819.35,10286554.8
ORD0203,10-04-25,South,Priya,SUV E,SUV,5,646857.17,3234285.85
ORD0204,12-09-25,South,Rahul,SUV B,SUV,7,1395250.64,9766754.48
ORD0205,08-06-25,East,Amit,SUV B,SUV,10,1319157.32,13191573.2
ORD0206,07-14-25,North,Vikas,Sedan A,Sedan,3,808736.98,2426210.94
ORD0207,06-25-25,West,Neha,SUV E,SUV,3,1437412.96,4312238.88
ORD0208,05-09-25,West,Priya,SUV B,SUV,8,1395041.94,11160335.52
ORD0209,05-03-25,South,Neha,SUV E,SUV,1,1372158.0,1372158.0
ORD0210,01-19-25,East,Amit,SUV E,SUV,6,824246.14,4945476.84
ORD0211,01-15-25,East,Vikas,Hatchback C,Hatchback,1,1244864.94,1244864.94
ORD0212,09-17-25,West,Neha,Sedan D,Sedan,2,1353718.97,2707437.94
ORD0213,10-11-25,North,Vikas,Sedan A,Sedan,4,1497207.28,5988829.12
ORD0214,06-04-25,East,Amit,Sedan A,Sedan,10,1105730.33,11057303.3
ORD0215,02-09-25,East,Amit,Sedan D,Sedan,1,1299591.97,1299591.97
ORD0216,06-21-25,West,Vikas,SUV B,SUV,4,1156074.66,4624298.64
ORD0217,03-18-25,North,Priya,SUV E,SUV,10,624208.06,6242080.6
ORD0218,02-13-25,West,Priya,Sedan A,Sedan,4,1095669.49,4382677.96
ORD0219,07-09-25,South,Amit,SUV E,SUV,1,584647.46,584647.46
ORD0220,01-19-25,West,Vikas,SUV B,SUV,5,633026.24,3165131.2
ORD0221,10-31-25,South,Sneha,Sedan D,Sedan,2,1294307.63,2588615.26
ORD0222,05-08-25,West,Amit,Sedan D,Sedan,8,1101187.05,8809496.4
ORD0223,03-07-25,North,Sneha,Sedan A,Sedan,1,684565.62,684565.62
ORD0224,05-12-25,East,Neha,SUV B,SUV,8,503867.38,4030939.04
ORD0225,04-06-25,North,Sneha,Hatchback C,Hatchback,5,871676.45,4358382.25
ORD0226,11-21-25,South,Rahul,SUV B,SUV,3,1488304.53,4464913.59
ORD0227,06-17-25,North,Rahul,Sedan D,Sedan,1,669166.65,669166.65
ORD0228,02-22-25,South,Vikas,SUV E,SUV,9,1049648.43,9446835.87
ORD0229,01-20-25,East,Neha,Hatchback C,Hatchback,9,1062906.49,9566158.41
ORD0230,07-08-25,West,Neha,Hatchback C,Hatchback,3,506995.29,1520985.87
ORD0231,12-10-25,North,Priya,Hatchback C,Hatchback,10,1374803.7,13748037.0
ORD0232,04-27-25,East,Neha,Sedan D,Sedan,9,1373359.56,12360236.04
ORD0233,04-25-25,West,Priya,SUV B,SUV,9,787855.17,7090696.53
ORD0234,09-28-25,North,Rahul,Hatchback C,Hatchback,8,727031.64,5816253.12
ORD0235,07-16-25,West,Neha,Sedan D,Sedan,10,657619.54,6576195.4
ORD0236,02-03-25,East,Priya,SUV B,SUV,5,1036342.26,5181711.3
ORD0237,05-27-25,East,Rahul,SUV E,SUV,10,796672.63,7966726.3
ORD0238,04-09-25,East,Rahul,SUV E,SUV,1,871532.19,871532.19
ORD0239,06-07-25,South,Vikas,SUV B,SUV,6,909457.36,5456744.16
ORD0240,08-31-25,West,Rahul,Sedan A,Sedan,6,1298816.99,7792901.94
ORD0241,08-20-25,East,Neha,SUV E,SUV,9,715429.01,6438861.09
ORD0242,04-02-25,South,Vikas,Sedan D,Sedan,7,759311.17,5315178.19
ORD0243,09-08-25,South,Priya,SUV E,SUV,5,780405.63,3902028.15
ORD0244,06-23-25,South,Priya,SUV E,SUV,3,1119574.83,3358724.49
ORD0245,08-19-25,North,Priya,Hatchback C,Hatchback,10,1436485.71,14364857.1
ORD0246,06-03-25,West,Sneha,SUV B,SUV,4,965908.5,3863634.0
ORD0247,05-31-25,South,Amit,SUV B,SUV,3,1252846.67,3758540.01
ORD0248,12-25-25,South,Rahul,Sedan D,Sedan,3,1016084.1,3048252.3
ORD0249,10-13-25,East,Vikas,Hatchback C,Hatchback,6,501597.19,3009583.14
ORD0250,05-07-25,North,Rahul,Sedan D,Sedan,3,533522.46,1600567.38
ORD0251,01-11-25,West,Rahul,SUV B,SUV,1,844735.23,844735.23
ORD0252,03-30-25,North,Priya,SUV B,SUV,2,503752.38,1007504.76
ORD0253,08-13-25,West,Neha,Sedan D,Sedan,4,633556.36,2534225.44
ORD0254,05-11-25,East,Priya,SUV B,SUV,3,714587.16,2143761.48
ORD0255,04-22-25,East,Rahul,Hatchback C,Hatchback,1,1134389.82,1134389.82
ORD0256,05-14-25,West,Neha,Sedan A,Sedan,1,965403.72,965403.72
ORD0257,04-06-25,North,Sneha,Sedan D,Sedan,4,1008371.51,4033486.04
ORD0258,06-10-25,North,Vikas,Sedan D,Sedan,6,1228289.15,7369734.9
ORD0259,11-08-25,South,Sneha,Hatchback C,Hatchback,1,563758.58,563758.58
ORD0260,07-13-25,South,Neha,SUV E,SUV,6,1184565.88,7107395.28
ORD0261,04-28-25,South,Sneha,SUV E,SUV,8,782823.05,6262584.4
ORD0262,11-26-25,East,Neha,Hatchback C,Hatchback,5,1396011.07,6980055.35
ORD0263,05-26-25,North,Vikas,Sedan A,Sedan,4,1232428.73,4929714.92
ORD0264,05-27-25,South,Neha,SUV E,SUV,4,1036110.34,4144441.36
ORD0265,07-18-25,South,Rahul,Sedan A,Sedan,7,512639.69,3588477.83
ORD0266,08-09-25,West,Neha,Hatchback C,Hatchback,3,1157228.94,3471686.82
ORD0267,07-17-25,South,Priya,Sedan A,Sedan,5,851053.46,4255267.3
ORD0268,11-15-25,East,Vikas,Sedan A,Sedan,4,979161.23,3916644.92
ORD0269,10-06-25,West,Priya,Hatchback C,Hatchback,7,947872.48,6635107.36
ORD0270,11-21-25,East,Amit,Hatchback C,Hatchback,3,834677.05,2504031.15
ORD0271,11-09-25,East,Amit,Sedan D,Sedan,4,970607.57,3882430.28
ORD0272,08-18-25,West,Priya,Sedan A,Sedan,6,783027.66,4698165.96
ORD0273,09-11-25,West,Rahul,SUV B,SUV,6,696458.16,4178748.96
ORD0274,01-16-25,East,Vikas,SUV B,SUV,8,1409983.24,11279865.92
ORD0275,09-04-25,North,Amit,Hatchback C,Hatchback,1,962770.19,962770.19
ORD0276,09-15-25,North,Amit,Hatchback C,Hatchback,7,1325541.78,9278792.46
ORD0277,08-13-25,East,Rahul,SUV B,SUV,8,647822.94,5182583.52
ORD0278,03-30-25,North,Neha,Sedan A,Sedan,10,1081270.85,10812708.5
ORD0279,05-06-25,South,Neha,Sedan A,Sedan,3,961583.02,2884749.06
ORD0280,06-27-25,East,Priya,Sedan D,Sedan,7,1211036.27,8477253.89
ORD0281,10-14-25,West,Amit,Hatchback C,Hatchback,3,1137331.76,3411995.28
ORD0282,03-10-25,North,Priya,Hatchback C,Hatchback,5,1265167.14,6325835.7
ORD0283,06-15-25,South,Neha,SUV B,SUV,3,1196875.69,3590627.07
ORD0284,06-25-25,North,Vikas,Hatchback C,Hatchback,4,1285833.0,5143332.0
ORD0285,08-28-25,East,Neha,Hatchback C,Hatchback,8,1004154.03,8033232.24
ORD0286,10-05-25,East,Rahul,Sedan A,Sedan,1,1161636.8,1161636.8
ORD0287,01-11-25,South,Sneha,SUV E,SUV,8,729380.11,5835040.88
ORD0288,11-18-25,South,Amit,SUV E,SUV,5,750315.72,3751578.6
ORD0289,02-14-25,South,Vikas,SUV E,SUV,8,727110.0,5816880.0
ORD0290,02-28-25,South,Sneha,Sedan A,Sedan,3,725063.38,2175190.14
ORD0291,11-28-25,South,Rahul,SUV E,SUV,4,1023242.34,4092969.36
ORD0292,03-21-25,North,Neha,SUV E,SUV,4,970875.86,3883503.44
ORD0293,02-25-25,East,Amit,SUV E,SUV,7,753237.62,5272663.34
ORD0294,07-12-25,South,Vikas,SUV B,SUV,2,542123.15,1084246.3
ORD0295,10-11-25,East,Neha,SUV B,SUV,9,808256.13,7274305.17
ORD0296,01-30-25,East,Amit,Sedan D,Sedan,8,956698.3,7653586.4
ORD0297,09-16-25,East,Sneha,Sedan A,Sedan,2,931874.47,1863748.94
ORD0298,05-16-25,West,Priya,Hatchback C,Hatchback,2,865548.4,1731096.8
ORD0299,10-25-25,North,Vikas,Sedan A,Sedan,9,1366859.96,12301739.64
ORD0300,08-25-25,West,Sneha,Hatchback C,Hatchback,8,854665.85,6837326.8
ORD0301,09-06-25,South,Rahul,SUV B,SUV,4,691622.84,2766491.36
ORD0302,06-07-25,North,Vikas,SUV E,SUV,8,1096628.82,8773030.56
ORD0303,02-24-25,South,Rahul,Hatchback C,Hatchback,2,1406289.29,2812578.58
ORD0304,01-13-25,North,Neha,Hatchback C,Hatchback,10,1224237.69,12242376.9
ORD0305,10-21-25,West,Neha,Sedan A,Sedan,5,1007217.63,5036088.15
ORD0306,11-02-25,North,Neha,SUV B,SUV,2,1057960.26,2115920.52
ORD0307,05-25-25,North,Sneha,Sedan A,Sedan,4,1301875.14,5207500.56
ORD0308,12-31-25,West,Rahul,Hatchback C,Hatchback,5,1088556.06,5442780.3
ORD0309,08-22-25,West,Amit,SUV E,SUV,2,891102.43,1782204.86
ORD0310,02-24-25,North,Rahul,SUV E,SUV,10,507042.05,5070420.5
ORD0311,01-31-25,East,Amit,Hatchback C,Hatchback,8,960907.82,7687262.56
ORD0312,09-21-25,West,Rahul,SUV B,SUV,1,1463364.78,1463364.78
ORD0313,01-11-25,South,Sneha,Sedan D,Sedan,6,939641.89,5637851.34
ORD0314,10-09-25,West,Neha,Sedan D,Sedan,9,888069.93,7992629.37
ORD0315,09-10-25,West,Amit,Hatchback C,Hatchback,2,718139.9,1436279.8
ORD0316,09-09-25,West,Rahul,Sedan D,Sedan,2,1299100.56,2598201.12
ORD0317,08-10-25,West,Vikas,Sedan A,Sedan,7,751510.84,5260575.88
ORD0318,05-24-25,West,Vikas,SUV E,SUV,3,541440.04,1624320.12
ORD0319,09-25-25,South,Priya,Sedan A,Sedan,2,1281357.07,2562714.14
ORD0320,11-12-25,South,Vikas,SUV B,SUV,2,789620.2,1579240.4
ORD0321,10-22-25,North,Neha,Hatchback C,Hatchback,9,838315.54,7544839.86
ORD0322,03-29-25,North,Priya,Sedan D,Sedan,10,510966.74,5109667.4
ORD0323,01-31-25,East,Priya,SUV B,SUV,7,751823.01,5262761.07
ORD0324,01-08-25,East,Amit,Sedan A,Sedan,9,1393133.04,12538197.36
ORD0325,03-14-25,South,Vikas,Sedan D,Sedan,4,1211073.22,4844292.88
ORD0326,02-24-25,West,Sneha,SUV E,SUV,4,826387.78,3305551.12
ORD0327,02-18-25,East,Sneha,SUV E,SUV,2,756448.9,1512897.8
ORD0328,05-27-25,East,Priya,SUV B,SUV,7,808158.19,5657107.33
ORD0329,05-13-25,West,Priya,Hatchback C,Hatchback,4,777525.34,3110101.36
ORD0330,01-28-25,East,Neha,Sedan A,Sedan,9,552843.48,4975591.32
ORD0331,03-22-25,South,Vikas,Sedan A,Sedan,3,1477452.08,4432356.24
ORD0332,06-13-25,North,Priya,Hatchback C,Hatchback,8,906892.68,7255141.44
ORD0333,05-09-25,West,Rahul,Hatchback C,Hatchback,1,895885.97,895885.97
ORD0334,04-11-25,North,Rahul,Sedan D,Sedan,5,1226848.01,6134240.05
ORD0335,06-02-25,North,Amit,Hatchback C,Hatchback,8,1427676.23,11421409.84
ORD0336,09-25-25,North,Neha,Sedan A,Sedan,4,785718.55,3142874.2
ORD0337,02-16-25,West,Rahul,SUV E,SUV,10,1209322.01,12093220.1
ORD0338,08-03-25,West,Sneha,Hatchback C,Hatchback,7,515451.7,3608161.9
ORD0339,07-11-25,South,Vikas,Sedan A,Sedan,6,794698.25,4768189.5
ORD0340,06-01-25,West,Priya,SUV E,SUV,4,936907.84,3747631.36
ORD0341,11-26-25,West,Neha,Sedan A,Sedan,6,526446.62,3158679.72
ORD0342,02-20-25,East,Neha,SUV B,SUV,6,1462938.78,8777632.68
ORD0343,09-24-25,West,Neha,Sedan D,Sedan,7,549519.56,3846636.92
ORD0344,01-06-25,East,Vikas,Hatchback C,Hatchback,2,1147992.36,2295984.72
ORD0345,01-29-25,West,Sneha,Sedan D,Sedan,9,1035830.96,9322478.64
ORD0346,06-18-25,North,Neha,SUV E,SUV,5,934585.27,4672926.35
ORD0347,05-23-25,East,Amit,Sedan A,Sedan,7,1180123.34,8260863.38
ORD0348,12-24-25,South,Rahul,Sedan A,Sedan,9,1136710.37,10230393.33
ORD0349,12-17-25,North,Priya,Sedan D,Sedan,5,1087893.31,5439466.55
ORD0350,08-24-25,North,Neha,SUV B,SUV,5,762954.33,3814771.65
ORD0351,11-03-25,South,Amit,SUV E,SUV,8,689841.66,5518733.28
ORD0352,04-10-25,East,Vikas,Sedan D,Sedan,6,641764.08,3850584.48
ORD0353,04-22-25,North,Neha,Sedan A,Sedan,2,1178849.86,2357699.72
ORD0354,12-16-25,East,Vikas,SUV E,SUV,3,611073.25,1833219.75
ORD0355,11-25-25,West,Neha,SUV E,SUV,4,1433382.06,5733528.24
ORD0356,07-12-25,South,Priya,SUV E,SUV,4,1036332.23,4145328.92
ORD0357,10-11-25,West,Sneha,SUV B,SUV,4,682482.22,2729928.88
ORD0358,05-19-25,South,Amit,Sedan A,Sedan,10,532776.91,5327769.1
ORD0359,01-03-25,West,Sneha,Hatchback C,Hatchback,10,1137716.89,11377168.9
ORD0360,05-15-25,South,Rahul,Sedan D,Sedan,10,574144.71,5741447.1
ORD0361,08-23-25,North,Rahul,Sedan D,Sedan,4,779842.49,3119369.96
ORD0362,03-25-25,North,Amit,Sedan D,Sedan,4,1035915.12,4143660.48
ORD0363,09-11-25,West,Sneha,SUV E,SUV,1,1326209.61,1326209.61
ORD0364,04-03-25,West,Amit,SUV B,SUV,8,951497.11,7611976.88
ORD0365,09-22-25,West,Amit,Hatchback C,Hatchback,7,1257935.05,8805545.35
ORD0366,12-24-25,West,Rahul,Sedan D,Sedan,6,911892.97,5471357.82
ORD0367,03-04-25,East,Priya,SUV B,SUV,1,841807.76,841807.76
ORD0368,07-19-25,North,Priya,Sedan D,Sedan,9,527484.28,4747358.52
ORD0369,09-24-25,North,Sneha,Sedan A,Sedan,7,631026.2,4417183.4
ORD0370,02-28-25,South,Vikas,SUV B,SUV,4,1272787.06,5091148.24
ORD0371,09-24-25,East,Rahul,Hatchback C,Hatchback,1,1458397.7,1458397.7
ORD0372,11-06-25,North,Neha,Hatchback C,Hatchback,1,1137878.56,1137878.56
ORD0373,04-18-25,West,Neha,SUV B,SUV,9,1282595.44,11543358.96
ORD0374,01-20-25,West,Priya,Hatchback C,Hatchback,8,986512.3,7892098.4
ORD0375,01-16-25,East,Neha,SUV E,SUV,10,989504.25,9895042.5
ORD0376,10-14-25,East,Rahul,Sedan D,Sedan,8,1211019.12,9688152.96
ORD0377,07-31-25,East,Rahul,Sedan D,Sedan,1,1413217.4,1413217.4
ORD0378,12-16-25,East,Rahul,Hatchback C,Hatchback,8,1304048.0,10432384.0
ORD0379,01-03-25,South,Vikas,Sedan A,Sedan,5,762760.86,3813804.3
ORD0380,03-24-25,North,Priya,Sedan D,Sedan,5,1476726.17,7383630.85
ORD0381,03-04-25,North,Amit,Hatchback C,Hatchback,10,660381.93,6603819.3
ORD0382,03-16-25,South,Priya,Sedan D,Sedan,4,688924.55,2755698.2
ORD0383,10-30-25,South,Neha,SUV E,SUV,10,972542.41,9725424.1
ORD0384,10-02-25,North,Sneha,Sedan D,Sedan,7,971865.25,6803056.75
ORD0385,10-16-25,North,Priya,Hatchback C,Hatchback,4,1021373.96,4085495.84
ORD0386,08-05-25,East,Rahul,SUV B,SUV,10,1123761.25,11237612.5
ORD0387,08-18-25,East,Amit,Sedan D,Sedan,2,1316000.36,2632000.72
ORD0388,11-30-25,North,Sneha,Sedan D,Sedan,8,911550.3,7292402.4
ORD0389,07-27-25,East,Rahul,Hatchback C,Hatchback,8,1108164.54,8865316.32
ORD0390,01-29-25,East,Priya,SUV E,SUV,4,601921.0,2407684.0
ORD0391,04-14-25,East,Rahul,Sedan A,Sedan,4,604501.44,2418005.76
ORD0392,02-08-25,North,Amit,SUV E,SUV,1,1438603.32,1438603.32
ORD0393,04-17-25,West,Sneha,Hatchback C,Hatchback,7,1073478.89,7514352.23
ORD0394,12-22-25,West,Neha,Sedan D,Sedan,3,1280497.67,3841493.01
ORD0395,04-04-25,North,Priya,SUV E,SUV,7,646177.41,4523241.87
ORD0396,03-24-25,South,Neha,SUV E,SUV,8,681727.97,5453823.76
ORD0397,11-05-25,South,Priya,Hatchback C,Hatchback,1,1105187.57,1105187.57
ORD0398,03-15-25,West,Rahul,SUV E,SUV,8,1277021.88,10216175.04
ORD0399,09-27-25,North,Sneha,SUV E,SUV,1,1205703.39,1205703.39
ORD0400,10-26-25,North,Vikas,SUV E,SUV,4,1108621.66,4434486.64
ORD0401,03-09-25,South,Sneha,SUV B,SUV,9,676881.78,6091936.02
ORD0402,10-28-25,West,Sneha,Hatchback C,Hatchback,9,1445965.16,13013686.44
ORD0403,01-22-25,North,Sneha,SUV B,SUV,1,1034583.61,1034583.61
ORD0404,02-23-25,West,Neha,Sedan D,Sedan,3,727781.57,2183344.71
ORD0405,11-08-25,West,Amit,Sedan A,Sedan,10,939546.66,9395466.6
ORD0406,07-14-25,West,Priya,SUV E,SUV,4,1208167.35,4832669.4
ORD0407,09-24-25,North,Vikas,Hatchback C,Hatchback,8,684888.11,5479104.88
ORD0408,03-23-25,North,Priya,Hatchback C,Hatchback,7,1365522.47,9558657.29
ORD0409,10-06-25,South,Vikas,SUV B,SUV,8,1113300.81,8906406.48
ORD0410,10-21-25,East,Priya,SUV E,SUV,9,1287704.4,11589339.6
ORD0411,09-11-25,South,Sneha,SUV E,SUV,4,1147482.76,4589931.04
ORD0412,09-22-25,West,Rahul,SUV E,SUV,9,1062139.2,9559252.8
ORD0413,08-19-25,West,Neha,Hatchback C,Hatchback,7,1263711.11,8845977.77
ORD0414,10-14-25,West,Priya,Sedan A,Sedan,7,1323434.2,9264039.4
ORD0415,02-07-25,North,Priya,Hatchback C,Hatchback,7,724931.58,5074521.06
ORD0416,07-01-25,West,Sneha,Hatchback C,Hatchback,8,1494720.66,11957765.28
ORD0417,03-06-25,North,Sneha,Sedan A,Sedan,8,1068146.78,8545174.24
ORD0418,03-22-25,North,Sneha,Sedan D,Sedan,10,807354.98,8073549.8
ORD0419,02-25-25,North,Amit,Sedan D,Sedan,6,1250650.11,7503900.66
ORD0420,11-02-25,East,Rahul,Hatchback C,Hatchback,10,1224783.58,12247835.8
ORD0421,06-07-25,North,Amit,Sedan A,Sedan,9,572826.0,5155434.0
ORD0422,09-01-25,South,Sneha,SUV E,SUV,7,908424.98,6358974.86
ORD0423,01-26-25,West,Neha,SUV E,SUV,6,1411653.09,8469918.54
ORD0424,03-02-25,North,Rahul,SUV E,SUV,10,1454103.0,14541030.0
ORD0425,06-21-25,South,Amit,SUV E,SUV,10,835806.87,8358068.7
ORD0426,05-25-25,West,Rahul,SUV B,SUV,8,756760.57,6054084.56
ORD0427,01-28-25,South,Neha,SUV E,SUV,4,1456670.21,5826680.84
ORD0428,03-25-25,North,Neha,Sedan D,Sedan,5,530615.06,2653075.3
ORD0429,10-06-25,East,Rahul,SUV B,SUV,10,1443713.88,14437138.8
ORD0430,10-03-25,South,Rahul,Sedan D,Sedan,9,1377702.64,12399323.76
ORD0431,02-04-25,South,Neha,Sedan A,Sedan,9,1109903.29,9989129.61
ORD0432,11-22-25,South,Sneha,SUV B,SUV,7,669018.47,4683129.29
ORD0433,02-25-25,West,Neha,Sedan A,Sedan,9,1343066.57,12087599.13
ORD0434,05-14-25,West,Neha,SUV E,SUV,3,501333.18,1503999.54
ORD0435,06-25-25,West,Amit,SUV B,SUV,10,522787.19,5227871.9
ORD0436,04-27-25,North,Sneha,Sedan A,Sedan,8,1410425.25,11283402.0
ORD0437,02-08-25,North,Rahul,Sedan A,Sedan,7,967102.94,6769720.58
ORD0438,04-09-25,South,Amit,SUV E,SUV,3,703153.17,2109459.51
ORD0439,08-01-25,North,Vikas,SUV E,SUV,9,1280638.2,11525743.8
ORD0440,12-16-25,East,Rahul,Sedan A,Sedan,3,877919.27,2633757.81
ORD0441,12-09-25,East,Sneha,Sedan D,Sedan,5,984427.76,4922138.8
ORD0442,05-08-25,South,Rahul,SUV E,SUV,2,748591.63,1497183.26
ORD0443,03-13-25,North,Sneha,Sedan A,Sedan,5,805425.77,4027128.85
ORD0444,04-21-25,West,Vikas,Hatchback C,Hatchback,5,1427796.01,7138980.05
ORD0445,10-25-25,West,Sneha,SUV E,SUV,3,569651.84,1708955.52
ORD0446,01-17-25,West,Neha,SUV B,SUV,6,879792.66,5278755.96
ORD0447,11-24-25,South,Sneha,Hatchback C,Hatchback,4,540253.49,2161013.96
ORD0448,08-15-25,North,Vikas,Sedan D,Sedan,2,1236991.7,2473983.4
ORD0449,01-02-25,South,Priya,Sedan D,Sedan,6,1161026.21,6966157.26
ORD0450,10-08-25,West,Amit,SUV E,SUV,9,1094261.98,9848357.82
ORD0451,12-29-25,North,Sneha,Hatchback C,Hatchback,1,1490153.18,1490153.18
ORD0452,08-26-25,East,Neha,Hatchback C,Hatchback,2,937958.76,1875917.52
ORD0453,03-02-25,South,Priya,Sedan D,Sedan,2,779604.65,1559209.3
ORD0454,10-23-25,West,Priya,Sedan A,Sedan,8,604364.33,4834914.64
ORD0455,07-08-25,South,Vikas,Hatchback C,Hatchback,8,995831.82,7966654.56
ORD0456,12-01-25,North,Sneha,Sedan A,Sedan,9,598242.48,5384182.32
ORD0457,03-13-25,North,Amit,Sedan D,Sedan,9,1053027.55,9477247.95
ORD0458,06-21-25,East,Vikas,Hatchback C,Hatchback,8,977467.65,7819741.2
ORD0459,11-04-25,East,Neha,SUV E,SUV,2,685343.34,1370686.68
ORD0460,09-30-25,East,Sneha,Hatchback C,Hatchback,3,760070.5,2280211.5
ORD0461,08-03-25,West,Sneha,SUV B,SUV,10,1190107.21,11901072.1
ORD0462,10-30-25,East,Priya,Sedan A,Sedan,7,634351.79,4440462.53
ORD0463,11-15-25,West,Rahul,Sedan D,Sedan,8,1488025.63,11904205.04
ORD0464,07-24-25,East,Sneha,Hatchback C,Hatchback,10,534632.95,5346329.5
ORD0465,12-13-25,North,Rahul,SUV E,SUV,5,1378416.52,6892082.6
ORD0466,07-23-25,South,Sneha,SUV B,SUV,3,1410696.67,4232090.01
ORD0467,06-02-25,North,Vikas,SUV B,SUV,1,1004914.83,1004914.83
ORD0468,04-23-25,East,Amit,Hatchback C,Hatchback,9,1158867.7,10429809.3
ORD0469,12-01-25,South,Neha,Hatchback C,Hatchback,9,874368.13,7869313.17
ORD0470,05-01-25,East,Sneha,SUV B,SUV,3,1048861.01,3146583.03
ORD0471,02-21-25,North,Rahul,SUV E,SUV,5,611779.52,3058897.6
ORD0472,01-11-25,North,Vikas,SUV E,SUV,3,1494022.21,4482066.63
ORD0473,04-26-25,West,Rahul,SUV E,SUV,1,787312.09,787312.09
ORD0474,08-16-25,South,Rahul,SUV E,SUV,9,844884.75,7603962.75
ORD0475,10-04-25,North,Rahul,Sedan A,Sedan,10,616077.74,6160777.4
ORD0476,12-01-25,North,Neha,Sedan D,Sedan,8,1486272.65,11890181.2
ORD0477,04-24-25,West,Vikas,Hatchback C,Hatchback,8,1273579.67,10188637.36
ORD0478,03-07-25,South,Neha,Hatchback C,Hatchback,7,929459.03,6506213.21
ORD0479,12-17-25,South,Rahul,SUV E,SUV,9,762023.51,6858211.59
ORD0480,08-06-25,East,Neha,SUV E,SUV,10,984741.45,9847414.5
ORD0481,08-23-25,East,Priya,SUV B,SUV,5,1036449.54,5182247.7
ORD0482,08-03-25,West,Rahul,Hatchback C,Hatchback,2,1378153.29,2756306.58
ORD0483,04-25-25,West,Rahul,Sedan D,Sedan,8,1115340.92,8922727.36
ORD0484,09-17-25,North,Sneha,SUV E,SUV,8,535527.83,4284222.64
ORD0485,10-29-25,West,Amit,Sedan D,Sedan,8,777277.1,6218216.8
ORD0486,03-11-25,North,Amit,Hatchback C,Hatchback,7,1463058.72,10241411.04
ORD0487,04-14-25,South,Priya,Sedan A,Sedan,1,716005.68,716005.68
ORD0488,10-27-25,North,Amit,SUV E,SUV,6,1311580.87,7869485.22
ORD0489,03-13-25,West,Neha,Hatchback C,Hatchback,5,1089214.0,5446070.0
ORD0490,08-18-25,South,Vikas,SUV B,SUV,1,795851.87,795851.87
ORD0491,10-29-25,West,Vikas,Sedan D,Sedan,5,850122.31,4250611.55
ORD0492,05-18-25,East,Amit,Sedan D,Sedan,1,623078.36,623078.36
ORD0493,05-13-25,South,Priya,Sedan A,Sedan,10,1133004.66,11330046.6
ORD0494,03-01-25,South,Amit,Sedan A,Sedan,4,695762.29,2783049.16
ORD0495,10-17-25,East,Rahul,Sedan A,Sedan,6,585438.42,3512630.52
ORD0496,07-22-25,South,Vikas,Hatchback C,Hatchback,9,863306.46,7769758.14
ORD0497,10-02-25,West,Vikas,Sedan D,Sedan,2,695865.46,1391730.92
ORD0498,07-22-25,East,Priya,Sedan D,Sedan,4,938063.66,3752254.64
ORD0499,04-08-25,South,Priya,Hatchback C,Hatchback,10,690123.1,6901231.0
ORD0500,07-01-25,East,Vikas,Sedan A,Sedan,9,978810.89,8809298.01
ORD0501,10-01-25,West,Neha,Hatchback C,Hatchback,8,1435803.53,11486428.24
ORD0502,02-08-25,West,Rahul,Sedan D,Sedan,1,1330009.84,1330009.84
ORD0503,01-09-25,West,Rahul,SUV E,SUV,3,1067684.66,3203053.98
ORD0504,11-27-25,East,Amit,Hatchback C,Hatchback,3,556666.14,1669998.42
ORD0505,03-21-25,South,Amit,Sedan A,Sedan,6,1095584.67,6573508.02
ORD0506,10-28-25,West,Rahul,Sedan D,Sedan,2,1335702.05,2671404.1
ORD0507,05-01-25,South,Vikas,SUV E,SUV,9,683650.6,6152855.4
ORD0508,05-06-25,North,Amit,SUV E,SUV,3,693693.0,2081079.0
ORD0509,05-08-25,West,Vikas,Sedan D,Sedan,8,1218119.08,9744952.64
ORD0510,01-12-25,South,Rahul,Hatchback C,Hatchback,4,1149167.8,4596671.2
ORD0511,03-29-25,South,Amit,Sedan D,Sedan,9,932460.71,8392146.39
ORD0512,02-23-25,North,Vikas,Sedan A,Sedan,5,1075678.04,5378390.2
ORD0513,02-14-25,North,Priya,Sedan D,Sedan,7,517893.4,3625253.8
ORD0514,09-22-25,North,Vikas,SUV E,SUV,9,827578.28,7448204.52
ORD0515,02-18-25,West,Sneha,Sedan D,Sedan,7,592989.54,4150926.78
ORD0516,09-28-25,South,Priya,Sedan D,Sedan,9,1060437.18,9543934.62
ORD0517,11-24-25,North,Rahul,Sedan A,Sedan,4,657691.4,2630765.6
ORD0518,05-11-25,South,Sneha,Sedan A,Sedan,1,1445968.8,1445968.8
ORD0519,12-15-25,North,Sneha,Sedan D,Sedan,4,1031650.68,4126602.72
ORD0520,11-12-25,South,Rahul,Sedan D,Sedan,5,960171.74,4800858.7
ORD0521,09-09-25,East,Neha,Sedan A,Sedan,7,564639.4,3952475.8
ORD0522,03-11-25,East,Sneha,Hatchback C,Hatchback,8,1250262.41,10002099.28
ORD0523,09-13-25,East,Sneha,Sedan A,Sedan,7,1383992.88,9687950.16
ORD0524,02-14-25,South,Priya,Sedan A,Sedan,9,839133.87,7552204.83
ORD0525,05-10-25,West,Rahul,Sedan D,Sedan,2,711671.36,1423342.72
ORD0526,08-01-25,East,Amit,Sedan D,Sedan,4,797117.99,3188471.96
ORD0527,08-27-25,South,Sneha,SUV B,SUV,6,1306656.14,7839936.84
ORD0528,04-30-25,East,Priya,SUV B,SUV,4,840783.89,3363135.56
ORD0529,10-16-25,South,Amit,SUV B,SUV,9,695673.51,6261061.59
ORD0530,12-05-25,North,Neha,Sedan A,Sedan,6,509005.65,3054033.9
ORD0531,03-03-25,South,Priya,Sedan D,Sedan,9,1213525.31,10921727.79
ORD0532,04-11-25,East,Sneha,Sedan A,Sedan,9,1309470.87,11785237.83
ORD0533,02-28-25,North,Sneha,SUV E,SUV,4,1322711.51,5290846.04
ORD0534,02-13-25,North,Neha,SUV B,SUV,1,629813.69,629813.69
ORD0535,09-23-25,South,Neha,SUV E,SUV,3,1264651.71,3793955.13
ORD0536,09-26-25,East,Priya,SUV B,SUV,9,896418.08,8067762.72
ORD0537,08-29-25,West,Amit,Sedan A,Sedan,9,1497856.51,13480708.59
ORD0538,04-19-25,West,Rahul,Sedan D,Sedan,1,607363.16,607363.16
ORD0539,05-29-25,North,Priya,SUV E,SUV,4,1430030.34,5720121.36
ORD0540,10-10-25,North,Neha,Hatchback C,Hatchback,5,1248414.59,6242072.95
ORD0541,08-29-25,East,Rahul,Hatchback C,Hatchback,3,581655.53,1744966.59
ORD0542,09-16-25,East,Amit,Hatchback C,Hatchback,3,1220357.42,3661072.26
ORD0543,06-17-25,East,Sneha,SUV B,SUV,8,869009.29,6952074.32
ORD0544,09-10-25,South,Sneha,SUV E,SUV,7,683669.31,4785685.17
ORD0545,10-26-25,South,Rahul,SUV B,SUV,9,794829.27,7153463.43
ORD0546,12-23-25,North,Amit,Sedan A,Sedan,6,886537.16,5319222.96
ORD0547,05-22-25,East,Priya,SUV B,SUV,9,584682.08,5262138.72
ORD0548,04-23-25,North,Rahul,SUV E,SUV,10,709547.47,7095474.7
ORD0549,11-07-25,North,Rahul,Hatchback C,Hatchback,10,1433379.63,14333796.3
ORD0550,06-19-25,West,Vikas,SUV B,SUV,10,1232613.12,12326131.2
ORD0551,10-27-25,South,Sneha,SUV E,SUV,6,1093526.05,6561156.3
ORD0552,09-16-25,South,Amit,Hatchback C,Hatchback,2,1433608.14,2867216.28
ORD0553,06-11-25,North,Amit,Hatchback C,Hatchback,9,569524.53,5125720.77
ORD0554,03-14-25,South,Rahul,Sedan D,Sedan,4,1484920.89,5939683.56
ORD0555,06-17-25,East,Neha,Sedan D,Sedan,3,1292421.51,3877264.53
ORD0556,12-12-25,West,Neha,Hatchback C,Hatchback,7,1105603.11,7739221.77
ORD0557,06-03-25,West,Rahul,SUV B,SUV,3,708291.44,2124874.32
ORD0558,10-13-25,South,Vikas,Sedan A,Sedan,4,711291.11,2845164.44
ORD0559,05-25-25,South,Amit,SUV E,SUV,2,613819.7,1227639.4
ORD0560,08-31-25,West,Priya,SUV E,SUV,5,644571.36,3222856.8
ORD0561,06-03-25,North,Vikas,SUV B,SUV,10,1293905.39,12939053.9
ORD0562,08-16-25,North,Vikas,Sedan A,Sedan,6,1377270.41,8263622.46
ORD0563,08-17-25,South,Neha,Hatchback C,Hatchback,10,720562.15,7205621.5
ORD0564,07-25-25,South,Sneha,Sedan A,Sedan,9,884410.28,7959692.52
ORD0565,04-29-25,South,Priya,Hatchback C,Hatchback,3,1248198.92,3744596.76
ORD0566,01-20-25,South,Rahul,Sedan D,Sedan,9,1379200.48,12412804.32
ORD0567,06-22-25,South,Amit,SUV B,SUV,7,597661.17,4183628.19
ORD0568,06-20-25,North,Neha,Hatchback C,Hatchback,2,1075877.4,2151754.8
ORD0569,07-13-25,East,Sneha,Hatchback C,Hatchback,9,707572.88,6368155.92
ORD0570,04-27-25,South,Amit,Hatchback C,Hatchback,7,660419.67,4622937.69
ORD0571,04-05-25,East,Neha,SUV E,SUV,6,1258456.11,7550736.66
ORD0572,03-04-25,South,Sneha,Sedan A,Sedan,1,1025578.13,1025578.13
ORD0573,02-03-25,South,Vikas,Sedan D,Sedan,10,1183219.58,11832195.8
ORD0574,07-13-25,North,Amit,SUV E,SUV,5,561460.65,2807303.25
ORD0575,09-06-25,West,Priya,SUV E,SUV,3,1013422.51,3040267.53
ORD0576,04-16-25,North,Sneha,Hatchback C,Hatchback,4,500444.89,2001779.56
ORD0577,07-22-25,South,Vikas,SUV E,SUV,4,1363171.1,5452684.4
ORD0578,12-14-25,West,Amit,Hatchback C,Hatchback,4,771976.24,3087904.96
ORD0579,07-16-25,West,Amit,Hatchback C,Hatchback,8,705812.89,5646503.12
ORD0580,01-24-25,West,Neha,Hatchback C,Hatchback,1,1122725.65,1122725.65
ORD0581,12-07-25,East,Amit,Sedan A,Sedan,3,1306273.29,3918819.87
ORD0582,10-23-25,West,Rahul,Hatchback C,Hatchback,8,904845.25,7238762.0
ORD0583,04-07-25,South,Rahul,Sedan D,Sedan,8,1226707.5,9813660.0
ORD0584,01-07-25,West,Neha,Sedan D,Sedan,4,1205992.3,4823969.2
ORD0585,04-05-25,East,Neha,SUV E,SUV,7,1308678.12,9160746.84
ORD0586,04-09-25,East,Vikas,Sedan A,Sedan,7,1421648.6,9951540.2
ORD0587,10-13-25,East,Priya,Sedan D,Sedan,10,840684.34,8406843.4
ORD0588,03-15-25,West,Priya,SUV B,SUV,8,990961.65,7927693.2
ORD0589,11-04-25,South,Vikas,Sedan D,Sedan,6,917170.99,5503025.94
ORD0590,08-25-25,East,Amit,SUV E,SUV,5,512425.83,2562129.15
ORD0591,03-11-25,South,Vikas,Sedan D,Sedan,7,893575.99,6255031.93
ORD0592,03-31-25,East,Amit,Sedan D,Sedan,5,1491983.11,7459915.55
ORD0593,05-06-25,North,Amit,Hatchback C,Hatchback,4,941997.64,3767990.56
ORD0594,05-30-25,West,Neha,Hatchback C,Hatchback,9,964553.72,8680983.48
ORD0595,11-28-25,East,Vikas,SUV B,SUV,5,1365314.44,6826572.2
ORD0596,10-23-25,East,Neha,SUV B,SUV,4,510905.44,2043621.76
ORD0597,12-29-25,South,Priya,SUV B,SUV,1,1114624.29,1114624.29
ORD0598,06-15-25,West,Priya,SUV E,SUV,9,1337229.61,12035066.49
ORD0599,03-18-25,South,Rahul,SUV E,SUV,7,845302.5,5917117.5
ORD0600,08-14-25,East,Rahul,SUV B,SUV,9,720610.17,6485491.53
ORD0601,04-02-25,West,Vikas,Sedan A,Sedan,1,541355.7,541355.7
ORD0602,12-17-25,South,Amit,SUV B,SUV,1,1463375.54,1463375.54
ORD0603,08-25-25,North,Rahul,SUV B,SUV,2,1437763.94,2875527.88
ORD0604,05-28-25,North,Rahul,Sedan A,Sedan,5,1131498.8,5657494.0
ORD0605,09-11-25,South,Amit,SUV B,SUV,3,773002.47,2319007.41
ORD0606,03-22-25,East,Sneha,Sedan A,Sedan,5,912071.31,4560356.55
ORD0607,07-08-25,East,Sneha,SUV E,SUV,1,629777.03,629777.03
ORD0608,04-09-25,North,Priya,SUV E,SUV,6,1039184.54,6235107.24
ORD0609,08-02-25,West,Sneha,Sedan D,Sedan,7,770518.66,5393630.62
ORD0610,07-08-25,East,Priya,Sedan A,Sedan,10,885291.63,8852916.3
ORD0611,12-05-25,East,Sneha,Sedan A,Sedan,5,609344.82,3046724.1
ORD0612,05-23-25,South,Priya,SUV B,SUV,6,991942.47,5951654.82
ORD0613,10-23-25,South,Rahul,Sedan D,Sedan,9,608655.74,5477901.66
ORD0614,06-06-25,West,Sneha,Sedan D,Sedan,3,781647.0,2344941.0
ORD0615,04-25-25,South,Amit,Sedan A,Sedan,6,1339503.39,8037020.34
ORD0616,10-19-25,South,Amit,Hatchback C,Hatchback,8,661243.49,5289947.92
ORD0617,07-14-25,North,Priya,Hatchback C,Hatchback,9,1059740.09,9537660.81
ORD0618,05-20-25,South,Sneha,Hatchback C,Hatchback,3,871710.63,2615131.89
ORD0619,01-29-25,North,Vikas,SUV B,SUV,3,903828.26,2711484.78
ORD0620,01-14-25,East,Vikas,SUV B,SUV,8,908323.58,7266588.64
ORD0621,12-25-25,North,Neha,SUV E,SUV,9,1048461.4,9436152.6
ORD0622,06-12-25,West,Rahul,SUV B,SUV,3,1074871.6,3224614.8
ORD0623,07-13-25,South,Amit,SUV E,SUV,8,1102700.38,8821603.04
ORD0624,07-11-25,East,Sneha,Sedan A,Sedan,5,1079244.64,5396223.2
ORD0625,07-24-25,South,Amit,Hatchback C,Hatchback,7,599186.38,4194304.66
ORD0626,08-13-25,South,Rahul,Hatchback C,Hatchback,2,1245774.26,2491548.52
ORD0627,09-21-25,North,Neha,Sedan A,Sedan,4,761734.37,3046937.48
ORD0628,11-27-25,East,Vikas,Sedan D,Sedan,8,1487271.95,11898175.6
ORD0629,01-30-25,West,Neha,Sedan A,Sedan,8,1284659.67,10277277.36
ORD0630,08-09-25,West,Neha,SUV B,SUV,7,825284.95,5776994.65
ORD0631,12-23-25,East,Neha,Hatchback C,Hatchback,7,1488191.68,10417341.76
ORD0632,05-01-25,North,Neha,Sedan D,Sedan,2,1465095.61,2930191.22
ORD0633,09-10-25,South,Priya,Sedan A,Sedan,8,1402485.29,11219882.32
ORD0634,12-12-25,South,Amit,Sedan D,Sedan,3,1001960.77,3005882.31
ORD0635,03-20-25,East,Vikas,Hatchback C,Hatchback,6,1043547.57,6261285.42
ORD0636,02-24-25,West,Priya,Hatchback C,Hatchback,5,1058041.34,5290206.7
ORD0637,08-12-25,North,Sneha,SUV E,SUV,4,514126.75,2056507.0
ORD0638,05-07-25,East,Rahul,Sedan D,Sedan,10,1412247.13,14122471.3
ORD0639,03-22-25,West,Vikas,SUV B,SUV,3,1334700.6,4004101.8
ORD0640,08-30-25,North,Priya,Sedan A,Sedan,4,723336.04,2893344.16
ORD0641,09-16-25,East,Amit,SUV B,SUV,6,820083.82,4920502.92
ORD0642,01-03-25,South,Sneha,SUV B,SUV,10,1219034.24,12190342.4
ORD0643,05-29-25,East,Neha,Sedan A,Sedan,6,775566.07,4653396.42
ORD0644,01-11-25,West,Sneha,SUV B,SUV,6,934979.47,5609876.82
ORD0645,11-08-25,South,Vikas,SUV B,SUV,8,500442.03,4003536.24
ORD0646,09-23-25,South,Neha,Sedan A,Sedan,3,1463639.83,4390919.49
ORD0647,11-18-25,North,Rahul,Hatchback C,Hatchback,2,1162826.73,2325653.46
ORD0648,07-15-25,West,Rahul,SUV B,SUV,6,936435.91,5618615.46
ORD0649,05-15-25,North,Rahul,Sedan A,Sedan,9,1257865.39,11320788.51
ORD0650,09-20-25,South,Rahul,SUV B,SUV,5,1359324.23,6796621.15
ORD0651,06-20-25,North,Sneha,Sedan A,Sedan,6,1313778.76,7882672.56
ORD0652,10-27-25,East,Amit,Hatchback C,Hatchback,10,1107988.21,11079882.1
ORD0653,03-02-25,East,Priya,SUV E,SUV,10,1261385.67,12613856.7
ORD0654,02-15-25,East,Priya,SUV B,SUV,9,722422.25,6501800.25
ORD0655,11-22-25,South,Vikas,Sedan A,Sedan,4,985019.14,3940076.56
ORD0656,05-31-25,East,Priya,SUV B,SUV,7,866364.7,6064552.9
ORD0657,10-04-25,East,Neha,SUV B,SUV,10,1364401.54,13644015.4
ORD0658,09-21-25,West,Priya,Sedan D,Sedan,2,1297143.61,2594287.22
ORD0659,12-16-25,South,Vikas,Sedan A,Sedan,3,691150.97,2073452.91
ORD0660,06-05-25,West,Priya,SUV B,SUV,8,1453055.93,11624447.44
ORD0661,04-30-25,East,Rahul,SUV E,SUV,6,1361403.14,8168418.84
ORD0662,01-13-25,South,Sneha,Sedan A,Sedan,5,1204453.89,6022269.45
ORD0663,12-20-25,North,Sneha,SUV B,SUV,1,1105562.06,1105562.06
ORD0664,06-10-25,West,Sneha,SUV B,SUV,10,1197252.06,11972520.6
ORD0665,04-07-25,North,Sneha,Hatchback C,Hatchback,9,1443799.01,12994191.09
ORD0666,02-16-25,South,Rahul,SUV E,SUV,7,1247223.65,8730565.55
ORD0667,12-27-25,South,Sneha,Hatchback C,Hatchback,4,961502.26,3846009.04
ORD0668,08-20-25,West,Sneha,SUV B,SUV,3,1370754.38,4112263.14
ORD0669,03-29-25,East,Neha,SUV B,SUV,3,766050.19,2298150.57
ORD0670,10-05-25,North,Sneha,Sedan A,Sedan,7,1386791.58,9707541.06
ORD0671,08-09-25,East,Vikas,SUV E,SUV,7,1492236.15,10445653.05
ORD0672,08-14-25,East,Amit,SUV E,SUV,1,1243999.62,1243999.62
ORD0673,08-16-25,North,Sneha,Sedan A,Sedan,4,519945.05,2079780.2
ORD0674,04-11-25,West,Priya,SUV B,SUV,6,639865.7,3839194.2
ORD0675,11-27-25,South,Priya,Sedan A,Sedan,7,705736.73,4940157.11
ORD0676,11-07-25,South,Neha,Hatchback C,Hatchback,7,950347.57,6652432.99
ORD0677,08-12-25,South,Amit,SUV E,SUV,8,1465868.23,11726945.84
ORD0678,01-02-25,North,Priya,Sedan D,Sedan,10,733062.46,7330624.6
ORD0679,08-27-25,West,Priya,Sedan D,Sedan,10,570377.0,5703770.0
ORD0680,08-04-25,East,Sneha,SUV B,SUV,8,784041.32,6272330.56
ORD0681,02-21-25,East,Vikas,Hatchback C,Hatchback,2,736800.4,1473600.8
ORD0682,12-08-25,South,Sneha,Hatchback C,Hatchback,1,687534.89,687534.89
ORD0683,04-29-25,West,Vikas,SUV E,SUV,1,525680.29,525680.29
ORD0684,03-05-25,East,Priya,SUV E,SUV,6,947858.93,5687153.58
ORD0685,06-13-25,East,Neha,SUV B,SUV,3,1051909.78,3155729.34
ORD0686,12-18-25,South,Sneha,Sedan A,Sedan,7,1342897.63,9400283.41
ORD0687,03-13-25,East,Amit,SUV E,SUV,2,1086568.93,2173137.86
ORD0688,01-20-25,South,Priya,Sedan A,Sedan,5,1088889.22,5444446.1
ORD0689,09-17-25,West,Neha,Hatchback C,Hatchback,3,885630.78,2656892.34
ORD0690,06-25-25,East,Vikas,Sedan A,Sedan,7,932061.93,6524433.51
ORD0691,04-26-25,West,Vikas,SUV E,SUV,5,884442.94,4422214.7
ORD0692,06-01-25,West,Sneha,Sedan D,Sedan,9,689969.25,6209723.25
ORD0693,07-12-25,East,Priya,Sedan A,Sedan,7,1374624.14,9622368.98
ORD0694,11-21-25,South,Neha,Sedan D,Sedan,4,777118.54,3108474.16
ORD0695,11-14-25,North,Sneha,Hatchback C,Hatchback,7,859791.38,6018539.66
ORD0696,11-09-25,South,Amit,SUV B,SUV,3,1347457.14,4042371.42
ORD0697,04-16-25,North,Vikas,SUV E,SUV,8,1490657.26,11925258.08
ORD0698,04-16-25,North,Priya,Hatchback C,Hatchback,9,1463326.04,13169934.36
ORD0699,03-30-25,North,Neha,Sedan D,Sedan,2,710235.95,1420471.9
ORD0700,01-25-25,East,Amit,SUV E,SUV,2,1415529.6,2831059.2
ORD0701,11-02-25,West,Vikas,Sedan A,Sedan,8,1435626.07,11485008.56
ORD0702,08-19-25,East,Sneha,SUV B,SUV,6,1036007.26,6216043.56
ORD0703,09-28-25,South,Amit,Hatchback C,Hatchback,7,1044715.36,7313007.52
ORD0704,02-22-25,North,Sneha,Sedan A,Sedan,3,1263139.74,3789419.22
ORD0705,05-06-25,South,Neha,Hatchback C,Hatchback,7,675570.37,4728992.59
ORD0706,12-22-25,North,Rahul,Sedan D,Sedan,3,581157.85,1743473.55
ORD0707,09-25-25,West,Rahul,SUV B,SUV,5,1355756.05,6778780.25
ORD0708,03-02-25,East,Sneha,SUV B,SUV,6,1096338.11,6578028.66
ORD0709,12-19-25,West,Amit,SUV B,SUV,1,955088.81,955088.81
ORD0710,08-30-25,North,Sneha,SUV E,SUV,9,1385923.62,12473312.58
ORD0711,01-29-25,West,Sneha,Sedan D,Sedan,1,1183261.34,1183261.34
ORD0712,12-12-25,East,Neha,SUV E,SUV,9,899660.58,8096945.22
ORD0713,06-10-25,South,Vikas,Sedan D,Sedan,10,1431586.38,14315863.8
ORD0714,12-19-25,East,Neha,Hatchback C,Hatchback,2,1105806.21,2211612.42
ORD0715,08-29-25,West,Sneha,Sedan D,Sedan,3,1150852.42,3452557.26
ORD0716,11-23-25,South,Rahul,SUV E,SUV,1,986431.63,986431.63
ORD0717,04-12-25,South,Rahul,SUV E,SUV,3,1369168.15,4107504.45
ORD0718,04-03-25,East,Priya,Sedan D,Sedan,4,1267273.9,5069095.6
ORD0719,11-05-25,South,Neha,Hatchback C,Hatchback,2,1380448.83,2760897.66
ORD0720,06-18-25,South,Vikas,Hatchback C,Hatchback,10,506452.37,5064523.7
ORD0721,05-24-25,East,Neha,Sedan D,Sedan,2,606766.39,1213532.78
ORD0722,06-14-25,West,Rahul,Sedan A,Sedan,3,949637.51,2848912.53
ORD0723,01-02-25,West,Rahul,SUV B,SUV,4,1221214.36,4884857.44
ORD0724,11-12-25,South,Priya,Sedan A,Sedan,4,1489472.29,5957889.16
ORD0725,11-21-25,East,Sneha,SUV B,SUV,1,1402275.98,1402275.98
ORD0726,02-24-25,West,Amit,Hatchback C,Hatchback,10,1326636.76,13266367.6
ORD0727,01-11-25,East,Sneha,Hatchback C,Hatchback,5,1480377.47,7401887.35
ORD0728,01-05-25,West,Amit,Hatchback C,Hatchback,6,948354.91,5690129.46
ORD0729,04-26-25,South,Sneha,Sedan D,Sedan,9,976598.17,8789383.53
ORD0730,05-28-25,East,Priya,Hatchback C,Hatchback,6,1481157.18,8886943.08
ORD0731,12-15-25,East,Neha,Sedan D,Sedan,6,1076620.63,6459723.78
ORD0732,11-14-25,South,Amit,Hatchback C,Hatchback,6,965518.84,5793113.04
ORD0733,08-19-25,West,Rahul,SUV B,SUV,1,988339.1,988339.1
ORD0734,02-05-25,South,Sneha,SUV B,SUV,5,1317763.13,6588815.65
ORD0735,02-16-25,West,Neha,Hatchback C,Hatchback,4,852990.5,3411962.0
ORD0736,02-08-25,South,Vikas,Sedan A,Sedan,1,1098302.28,1098302.28
ORD0737,04-14-25,South,Neha,SUV B,SUV,10,1425041.45,14250414.5
ORD0738,02-16-25,West,Neha,SUV E,SUV,5,1487610.61,7438053.05
ORD0739,07-07-25,East,Rahul,Sedan D,Sedan,7,522076.24,3654533.68
ORD0740,07-16-25,North,Sneha,Sedan A,Sedan,5,1081989.3,5409946.5
ORD0741,12-26-25,South,Amit,SUV B,SUV,1,1041982.24,1041982.24
ORD0742,01-16-25,South,Neha,Sedan A,Sedan,7,992627.95,6948395.65
ORD0743,03-24-25,North,Vikas,SUV B,SUV,10,1321913.71,13219137.1
ORD0744,07-01-25,East,Priya,Hatchback C,Hatchback,8,1016448.99,8131591.92
ORD0745,10-23-25,North,Amit,SUV B,SUV,10,973883.41,9738834.1
ORD0746,09-30-25,North,Priya,Hatchback C,Hatchback,8,619153.25,4953226.0
ORD0747,07-14-25,West,Amit,SUV E,SUV,5,1334493.8,6672469.0
ORD0748,06-08-25,West,Vikas,SUV B,SUV,2,1146630.9,2293261.8
ORD0749,03-12-25,South,Amit,Sedan A,Sedan,3,551375.27,1654125.81
ORD0750,03-04-25,West,Priya,SUV B,SUV,5,1204303.33,6021516.65
ORD0751,12-01-25,West,Rahul,Sedan D,Sedan,1,1447920.18,1447920.18
ORD0752,07-04-25,West,Sneha,Sedan D,Sedan,8,906809.9,7254479.2
ORD0753,04-11-25,South,Priya,Sedan D,Sedan,10,1485712.44,14857124.4
ORD0754,06-23-25,West,Vikas,SUV B,SUV,6,751338.24,4508029.44
ORD0755,06-11-25,North,Priya,SUV B,SUV,6,1258065.28,7548391.68
ORD0756,12-05-25,South,Rahul,Sedan A,Sedan,2,1309983.31,2619966.62
ORD0757,09-02-25,West,Priya,SUV B,SUV,2,668077.6,1336155.2
ORD0758,02-24-25,West,Neha,Sedan A,Sedan,2,1257213.0,2514426.0
ORD0759,08-02-25,South,Sneha,SUV B,SUV,6,1428537.11,8571222.66
ORD0760,01-16-25,South,Priya,SUV B,SUV,5,1366480.91,6832404.55
ORD0761,07-17-25,East,Amit,Sedan D,Sedan,6,1249127.9,7494767.4
ORD0762,02-20-25,North,Amit,Sedan D,Sedan,8,986846.75,7894774.0
ORD0763,06-26-25,East,Neha,Sedan A,Sedan,10,640049.9,6400499.0
ORD0764,07-12-25,East,Amit,Sedan D,Sedan,4,1361539.29,5446157.16
ORD0765,12-14-25,West,Rahul,Hatchback C,Hatchback,4,1354422.76,5417691.04
ORD0766,04-02-25,North,Rahul,SUV B,SUV,6,730346.51,4382079.06
ORD0767,11-16-25,North,Rahul,Sedan D,Sedan,9,890917.68,8018259.12
ORD0768,11-27-25,North,Sneha,Hatchback C,Hatchback,4,984610.17,3938440.68
ORD0769,10-20-25,East,Sneha,Hatchback C,Hatchback,10,1220522.09,12205220.9
ORD0770,10-27-25,East,Neha,Sedan A,Sedan,4,1221915.18,4887660.72
ORD0771,09-03-25,South,Rahul,SUV E,SUV,7,574350.88,4020456.16
ORD0772,11-11-25,West,Amit,Sedan D,Sedan,4,1187371.4,4749485.6
ORD0773,12-07-25,South,Sneha,Sedan D,Sedan,4,1230495.03,4921980.12
ORD0774,08-01-25,North,Neha,SUV E,SUV,2,952242.63,1904485.26
ORD0775,07-26-25,West,Priya,Sedan A,Sedan,4,1268757.61,5075030.44
ORD0776,04-29-25,South,Rahul,Sedan A,Sedan,4,1352800.96,5411203.84
ORD0777,06-02-25,South,Rahul,SUV B,SUV,10,520630.32,5206303.2
ORD0778,07-28-25,South,Vikas,SUV B,SUV,10,1130980.62,11309806.2
ORD0779,12-12-25,South,Rahul,Sedan D,Sedan,9,1485908.27,13373174.43
ORD0780,02-24-25,North,Vikas,Hatchback C,Hatchback,2,1378350.98,2756701.96
ORD0781,09-10-25,East,Amit,Sedan D,Sedan,1,648384.46,648384.46
ORD0782,08-13-25,South,Rahul,Sedan D,Sedan,8,654258.12,5234064.96
ORD0783,04-16-25,South,Sneha,SUV B,SUV,3,847692.36,2543077.08
ORD0784,11-25-25,East,Rahul,Sedan A,Sedan,8,603809.47,4830475.76
ORD0785,08-05-25,West,Priya,Hatchback C,Hatchback,6,1363227.93,8179367.58
ORD0786,05-31-25,North,Rahul,Sedan A,Sedan,6,953383.63,5720301.78
ORD0787,07-23-25,South,Sneha,SUV B,SUV,4,941488.19,3765952.76
ORD0788,03-07-25,West,Neha,Sedan D,Sedan,9,549517.46,4945657.14
ORD0789,12-04-25,West,Amit,Sedan D,Sedan,6,1153782.04,6922692.24
ORD0790,07-14-25,South,Priya,SUV E,SUV,1,1210214.58,1210214.58
ORD0791,07-25-25,North,Rahul,SUV E,SUV,2,1137046.33,2274092.66
ORD0792,04-07-25,East,Amit,Hatchback C,Hatchback,9,1150338.95,10353050.55
ORD0793,09-26-25,North,Priya,SUV B,SUV,4,601098.53,2404394.12
ORD0794,09-01-25,North,Rahul,SUV B,SUV,1,1206539.75,1206539.75
ORD0795,01-29-25,South,Amit,Hatchback C,Hatchback,4,997960.12,3991840.48
ORD0796,07-01-25,West,Amit,Sedan A,Sedan,1,751112.84,751112.84
ORD0797,02-14-25,East,Sneha,SUV E,SUV,7,1102741.83,7719192.81
ORD0798,12-25-25,East,Priya,Sedan A,Sedan,1,601189.58,601189.58
ORD0799,04-19-25,South,Rahul,SUV B,SUV,8,1295249.8,10361998.4
ORD0800,10-10-25,East,Vikas,Sedan D,Sedan,9,1061310.1,9551790.9
ORD0801,09-21-25,East,Vikas,SUV B,SUV,7,1023075.7,7161529.9
ORD0802,07-10-25,East,Priya,Sedan A,Sedan,7,1312808.04,9189656.28
ORD0803,03-24-25,North,Sneha,SUV B,SUV,6,576437.98,3458627.88
ORD0804,12-04-25,West,Neha,Sedan A,Sedan,8,1011816.16,8094529.28
ORD0805,12-22-25,South,Priya,Sedan A,Sedan,8,815244.59,6521956.72
ORD0806,04-16-25,South,Amit,SUV E,SUV,4,783816.08,3135264.32
ORD0807,01-08-25,North,Sneha,SUV B,SUV,7,1357958.9,9505712.3
ORD0808,05-06-25,South,Amit,SUV B,SUV,9,1323030.48,11907274.32
ORD0809,11-16-25,East,Neha,SUV B,SUV,8,1391645.69,11133165.52
ORD0810,03-30-25,North,Vikas,SUV E,SUV,8,835176.06,6681408.48
ORD0811,09-02-25,East,Neha,SUV B,SUV,5,926954.49,4634772.45
ORD0812,10-26-25,South,Priya,Sedan A,Sedan,8,1455723.99,11645791.92
ORD0813,05-28-25,East,Neha,Hatchback C,Hatchback,7,1208769.29,8461385.03
ORD0814,01-05-25,East,Neha,Sedan A,Sedan,5,642307.95,3211539.75
ORD0815,12-19-25,South,Priya,Sedan A,Sedan,7,1129580.47,7907063.29
ORD0816,08-05-25,West,Rahul,Sedan D,Sedan,7,978912.5,6852387.5
ORD0817,05-13-25,South,Amit,Hatchback C,Hatchback,4,885420.47,3541681.88
ORD0818,08-11-25,North,Sneha,Sedan D,Sedan,3,533100.12,1599300.36
ORD0819,12-14-25,East,Neha,Sedan A,Sedan,9,1067990.15,9611911.35
ORD0820,06-03-25,East,Amit,Sedan A,Sedan,5,631049.86,3155249.3
ORD0821,02-02-25,South,Vikas,Hatchback C,Hatchback,3,854132.16,2562396.48
ORD0822,05-18-25,West,Sneha,Sedan D,Sedan,6,1300544.17,7803265.02
ORD0823,03-05-25,West,Neha,Hatchback C,Hatchback,1,1424157.44,1424157.44
ORD0824,09-13-25,West,Priya,Sedan D,Sedan,3,1263577.93,3790733.79
ORD0825,01-08-25,East,Amit,Sedan A,Sedan,7,538363.14,3768541.98
ORD0826,11-01-25,West,Rahul,Sedan A,Sedan,7,1248854.76,8741983.32
ORD0827,04-22-25,East,Neha,Sedan D,Sedan,9,879414.82,7914733.38
ORD0828,08-05-25,West,Amit,Sedan A,Sedan,4,1144178.06,4576712.24
ORD0829,05-25-25,South,Sneha,SUV E,SUV,8,934644.07,7477152.56
ORD0830,08-04-25,West,Sneha,Sedan A,Sedan,7,1058695.87,7410871.09
ORD0831,07-04-25,West,Neha,SUV E,SUV,2,1489204.91,2978409.82
ORD0832,11-13-25,West,Rahul,SUV E,SUV,9,868218.69,7813968.21
ORD0833,05-01-25,West,Priya,SUV E,SUV,10,908610.51,9086105.1
ORD0834,07-09-25,East,Rahul,Sedan D,Sedan,4,645956.04,2583824.16
ORD0835,06-26-25,South,Neha,Sedan A,Sedan,3,1412047.29,4236141.87
ORD0836,04-08-25,North,Rahul,Hatchback C,Hatchback,4,776755.79,3107023.16
ORD0837,08-11-25,North,Neha,SUV E,SUV,5,839499.62,4197498.1
ORD0838,12-29-25,West,Neha,SUV E,SUV,5,1295841.51,6479207.55
ORD0839,11-23-25,East,Neha,SUV E,SUV,5,1107457.95,5537289.75
ORD0840,12-12-25,West,Amit,Sedan D,Sedan,9,656783.99,5911055.91
ORD0841,08-18-25,West,Amit,Sedan D,Sedan,3,1209179.77,3627539.31
ORD0842,04-08-25,West,Sneha,Sedan D,Sedan,8,773396.38,6187171.04
ORD0843,05-24-25,East,Amit,Hatchback C,Hatchback,5,801411.55,4007057.75
ORD0844,08-28-25,West,Neha,Sedan D,Sedan,2,1435726.87,2871453.74
ORD0845,10-09-25,East,Amit,Sedan D,Sedan,6,1174060.81,7044364.86
ORD0846,02-03-25,South,Priya,SUV B,SUV,3,1024680.49,3074041.47
ORD0847,01-10-25,South,Sneha,SUV E,SUV,4,828372.15,3313488.6
ORD0848,05-13-25,West,Amit,Sedan A,Sedan,2,775434.34,1550868.68
ORD0849,04-28-25,East,Priya,SUV E,SUV,8,555692.85,4445542.8
ORD0850,08-31-25,East,Vikas,SUV E,SUV,2,939076.66,1878153.32
ORD0851,05-27-25,West,Neha,SUV E,SUV,3,866670.25,2600010.75
ORD0852,05-30-25,West,Amit,SUV B,SUV,4,805358.32,3221433.28
ORD0853,12-05-25,West,Vikas,SUV E,SUV,7,672406.97,4706848.79
ORD0854,03-12-25,South,Sneha,Sedan D,Sedan,3,1464049.69,4392149.07
ORD0855,04-04-25,South,Priya,Sedan A,Sedan,1,1259426.43,1259426.43
ORD0856,04-10-25,West,Rahul,SUV E,SUV,1,929262.69,929262.69
ORD0857,08-28-25,North,Amit,Sedan D,Sedan,9,1324238.82,11918149.38
ORD0858,12-27-25,South,Amit,Sedan D,Sedan,1,739182.51,739182.51
ORD0859,08-08-25,West,Vikas,Sedan D,Sedan,9,1065022.4,9585201.6
ORD0860,09-03-25,East,Amit,Sedan A,Sedan,10,986333.63,9863336.3
ORD0861,05-14-25,North,Sneha,SUV B,SUV,3,940708.05,2822124.15
ORD0862,06-14-25,South,Neha,Sedan D,Sedan,6,1025444.21,6152665.26
ORD0863,02-18-25,East,Amit,SUV E,SUV,6,1268528.83,7611172.98
ORD0864,12-17-25,West,Priya,SUV E,SUV,1,1447908.51,1447908.51
ORD0865,07-16-25,North,Rahul,Hatchback C,Hatchback,10,907607.87,9076078.7
ORD0866,07-20-25,West,Vikas,SUV E,SUV,4,814214.5,3256858.0
ORD0867,12-05-25,East,Priya,Sedan A,Sedan,6,1028847.42,6173084.52
ORD0868,12-28-25,North,Sneha,Hatchback C,Hatchback,5,1287504.98,6437524.9
ORD0869,06-16-25,North,Neha,Hatchback C,Hatchback,3,765527.05,2296581.15
ORD0870,02-03-25,South,Neha,SUV B,SUV,2,832781.11,1665562.22
ORD0871,09-29-25,South,Priya,SUV B,SUV,9,876401.57,7887614.13
ORD0872,09-28-25,East,Rahul,Sedan A,Sedan,3,659255.37,1977766.11
ORD0873,01-22-25,North,Vikas,Sedan A,Sedan,6,1491425.42,8948552.52
ORD0874,03-23-25,East,Rahul,Sedan D,Sedan,6,1014317.1,6085902.6
ORD0875,11-21-25,South,Neha,Sedan D,Sedan,4,804019.12,3216076.48
ORD0876,01-02-25,East,Priya,SUV E,SUV,3,1362560.92,4087682.76
ORD0877,05-31-25,East,Neha,SUV B,SUV,1,1296126.41,1296126.41
ORD0878,04-18-25,South,Vikas,SUV E,SUV,1,899548.07,899548.07
ORD0879,12-19-25,South,Vikas,Hatchback C,Hatchback,10,1399981.52,13999815.2
ORD0880,08-26-25,West,Vikas,Sedan D,Sedan,2,1422311.39,2844622.78
ORD0881,03-15-25,North,Priya,SUV E,SUV,4,1265104.66,5060418.64
ORD0882,09-05-25,East,Vikas,SUV B,SUV,1,503183.76,503183.76
ORD0883,01-25-25,East,Priya,Hatchback C,Hatchback,4,569092.67,2276370.68
ORD0884,06-21-25,South,Amit,Sedan D,Sedan,6,1480766.82,8884600.92
ORD0885,04-09-25,West,Neha,Hatchback C,Hatchback,7,1444829.79,10113808.53
ORD0886,11-24-25,South,Vikas,Hatchback C,Hatchback,7,766732.9,5367130.3
ORD0887,11-17-25,West,Sneha,SUV E,SUV,6,861735.0,5170410.0
ORD0888,08-03-25,East,Vikas,SUV E,SUV,9,656751.49,5910763.41
ORD0889,04-17-25,South,Vikas,SUV E,SUV,3,1172407.57,3517222.71
ORD0890,05-18-25,North,Rahul,SUV E,SUV,2,1213246.47,2426492.94
ORD0891,10-07-25,South,Vikas,Hatchback C,Hatchback,3,1091662.38,3274987.14
ORD0892,02-11-25,East,Sneha,Sedan D,Sedan,1,1381675.16,1381675.16
ORD0893,09-30-25,North,Neha,Hatchback C,Hatchback,4,1216710.42,4866841.68
ORD0894,10-07-25,North,Priya,Hatchback C,Hatchback,9,913042.1,8217378.9
ORD0895,11-27-25,South,Amit,SUV E,SUV,9,1117366.09,10056294.81
ORD0896,05-20-25,South,Amit,SUV B,SUV,2,1458086.14,2916172.28
ORD0897,03-10-25,West,Amit,SUV B,SUV,4,1472964.59,5891858.36
ORD0898,04-29-25,South,Priya,Sedan D,Sedan,3,1249069.44,3747208.32
ORD0899,08-05-25,West,Priya,Hatchback C,Hatchback,7,1377696.21,9643873.47
ORD0900,10-15-25,South,Rahul,SUV B,SUV,10,1043374.41,10433744.1
ORD0901,04-30-25,North,Vikas,SUV B,SUV,9,1019353.89,9174185.01
ORD0902,06-13-25,West,Neha,SUV E,SUV,5,1387992.75,6939963.75
ORD0903,11-11-25,East,Sneha,Hatchback C,Hatchback,10,1329607.68,13296076.8
ORD0904,03-07-25,South,Vikas,SUV E,SUV,1,1280626.1,1280626.1
ORD0905,01-21-25,North,Vikas,SUV B,SUV,8,1378601.41,11028811.28
ORD0906,04-24-25,North,Neha,Hatchback C,Hatchback,8,1175384.48,9403075.84
ORD0907,04-02-25,South,Rahul,Hatchback C,Hatchback,8,1113728.93,8909831.44
ORD0908,10-11-25,North,Sneha,SUV B,SUV,7,1023629.33,7165405.31
ORD0909,12-15-25,East,Vikas,Sedan A,Sedan,7,596296.12,4174072.84
ORD0910,01-13-25,East,Priya,Sedan A,Sedan,2,573811.82,1147623.64
ORD0911,09-10-25,East,Neha,Sedan D,Sedan,5,1228501.56,6142507.8
ORD0912,03-21-25,East,Vikas,Hatchback C,Hatchback,1,1319693.01,1319693.01
ORD0913,09-16-25,West,Neha,SUV B,SUV,6,1120607.84,6723647.04
ORD0914,04-13-25,South,Neha,Sedan D,Sedan,10,714076.81,7140768.1
ORD0915,09-03-25,East,Rahul,Sedan A,Sedan,6,1028900.23,6173401.38
ORD0916,05-17-25,East,Rahul,Sedan D,Sedan,4,1250224.24,5000896.96
ORD0917,10-20-25,East,Neha,SUV B,SUV,9,785420.31,7068782.79
ORD0918,04-27-25,West,Sneha,Sedan D,Sedan,1,1048465.61,1048465.61
ORD0919,07-21-25,South,Sneha,SUV E,SUV,3,716201.79,2148605.37
ORD0920,10-10-25,East,Priya,SUV B,SUV,1,502028.22,502028.22
ORD0921,01-07-25,North,Neha,Sedan D,Sedan,6,1074820.24,6448921.44
ORD0922,05-17-25,East,Vikas,Sedan D,Sedan,7,657819.78,4604738.46
ORD0923,09-05-25,South,Amit,Sedan A,Sedan,7,668638.68,4680470.76
ORD0924,12-23-25,East,Sneha,SUV B,SUV,4,724249.02,2896996.08
ORD0925,05-13-25,South,Vikas,Sedan D,Sedan,1,1220675.76,1220675.76
ORD0926,06-12-25,East,Vikas,Sedan A,Sedan,8,1343463.95,10747711.6
ORD0927,04-17-25,North,Amit,Sedan A,Sedan,7,966773.35,6767413.45
ORD0928,04-08-25,West,Neha,SUV E,SUV,7,660397.31,4622781.17
ORD0929,01-22-25,East,Sneha,Hatchback C,Hatchback,8,589516.55,4716132.4
ORD0930,11-28-25,East,Vikas,Sedan A,Sedan,8,504480.59,4035844.72
ORD0931,01-14-25,West,Rahul,SUV E,SUV,6,567448.96,3404693.76
ORD0932,05-12-25,East,Rahul,SUV B,SUV,2,1000391.59,2000783.18
ORD0933,10-04-25,North,Vikas,Hatchback C,Hatchback,1,634981.03,634981.03
ORD0934,08-31-25,North,Priya,Sedan A,Sedan,3,574120.23,1722360.69
ORD0935,11-10-25,South,Amit,SUV B,SUV,1,935491.17,935491.17
ORD0936,06-17-25,West,Sneha,SUV E,SUV,1,1220854.51,1220854.51
ORD0937,07-10-25,West,Vikas,SUV E,SUV,10,1397349.63,13973496.3
ORD0938,05-16-25,West,Rahul,Sedan D,Sedan,3,1312919.57,3938758.71
ORD0939,05-31-25,North,Priya,Sedan A,Sedan,9,786635.65,7079720.85
ORD0940,02-25-25,South,Vikas,Sedan D,Sedan,9,1426108.73,12834978.57
ORD0941,08-10-25,North,Sneha,SUV E,SUV,10,697928.66,6979286.6
ORD0942,08-08-25,North,Sneha,Hatchback C,Hatchback,3,714141.56,2142424.68
ORD0943,03-22-25,West,Neha,Sedan A,Sedan,2,922699.04,1845398.08
ORD0944,12-11-25,North,Priya,Hatchback C,Hatchback,10,1322967.22,13229672.2
ORD0945,09-25-25,East,Vikas,Sedan A,Sedan,1,680585.04,680585.04
ORD0946,11-15-25,East,Amit,Sedan D,Sedan,9,1270593.18,11435338.62
ORD0947,11-25-25,East,Neha,SUV E,SUV,3,1013283.51,3039850.53
ORD0948,04-03-25,North,Vikas,SUV B,SUV,5,515509.67,2577548.35
ORD0949,10-12-25,North,Rahul,SUV B,SUV,8,649731.69,5197853.52
ORD0950,06-16-25,North,Rahul,Hatchback C,Hatchback,4,1334536.31,5338145.24
ORD0951,05-25-25,South,Rahul,Sedan A,Sedan,1,506961.26,506961.26
ORD0952,03-27-25,South,Rahul,Sedan A,Sedan,6,534770.54,3208623.24
ORD0953,06-21-25,North,Rahul,Sedan D,Sedan,5,1449467.18,7247335.9
ORD0954,09-27-25,East,Amit,Sedan D,Sedan,2,897938.25,1795876.5
ORD0955,10-26-25,South,Amit,Sedan D,Sedan,8,889644.59,7117156.72
ORD0956,10-06-25,East,Amit,SUV B,SUV,4,800894.72,3203578.88
ORD0957,05-08-25,North,Amit,SUV E,SUV,4,708483.51,2833934.04
ORD0958,06-08-25,East,Amit,Hatchback C,Hatchback,6,1323636.03,7941816.18
ORD0959,02-15-25,South,Amit,SUV B,SUV,5,723961.97,3619809.85
ORD0960,06-22-25,West,Neha,SUV E,SUV,5,1020914.38,5104571.9
ORD0961,05-29-25,South,Rahul,SUV B,SUV,3,1269137.29,3807411.87
ORD0962,01-24-25,South,Sneha,Hatchback C,Hatchback,9,793194.86,7138753.74
ORD0963,04-21-25,East,Priya,Sedan A,Sedan,6,667231.92,4003391.52
ORD0964,06-21-25,East,Amit,SUV B,SUV,7,1172110.53,8204773.71
ORD0965,10-06-25,North,Neha,Sedan A,Sedan,1,521997.16,521997.16
ORD0966,03-26-25,West,Vikas,Hatchback C,Hatchback,5,892337.64,4461688.2
ORD0967,11-15-25,West,Neha,Sedan D,Sedan,7,930725.43,6515078.01
ORD0968,03-28-25,North,Sneha,Hatchback C,Hatchback,9,711757.63,6405818.67
ORD0969,06-24-25,North,Sneha,SUV E,SUV,7,1014923.84,7104466.88
ORD0970,10-06-25,West,Priya,Sedan A,Sedan,8,513348.23,4106785.84
ORD0971,07-14-25,West,Amit,SUV B,SUV,4,1311483.82,5245935.28
ORD0972,03-26-25,South,Priya,Sedan D,Sedan,4,779561.66,3118246.64
ORD0973,03-27-25,South,Neha,SUV E,SUV,10,1396092.29,13960922.9
ORD0974,02-23-25,West,Rahul,Hatchback C,Hatchback,5,1433656.6,7168283.0
ORD0975,03-21-25,West,Rahul,Hatchback C,Hatchback,3,1480929.02,4442787.06
ORD0976,08-06-25,East,Priya,Sedan A,Sedan,4,1018524.02,4074096.08
ORD0977,06-27-25,East,Neha,Hatchback C,Hatchback,9,1391296.53,12521668.77
ORD0978,11-24-25,East,Sneha,SUV B,SUV,5,563206.43,2816032.15
ORD0979,01-26-25,East,Priya,Hatchback C,Hatchback,8,571510.74,4572085.92
ORD0980,04-19-25,West,Amit,Sedan A,Sedan,1,1105438.52,1105438.52
ORD0981,01-16-25,North,Sneha,Sedan A,Sedan,8,659356.37,5274850.96
ORD0982,12-13-25,South,Vikas,Sedan D,Sedan,2,1105715.22,2211430.44
ORD0983,04-24-25,West,Amit,Hatchback C,Hatchback,9,1424450.75,12820056.75
ORD0984,03-18-25,South,Neha,Sedan D,Sedan,5,671339.41,3356697.05
ORD0985,05-24-25,West,Amit,SUV B,SUV,7,945165.38,6616157.66
ORD0986,12-07-25,West,Amit,Sedan A,Sedan,7,1186952.61,8308668.27
ORD0987,01-31-25,West,Vikas,Sedan A,Sedan,8,746980.6,5975844.8
ORD0988,01-24-25,South,Rahul,Sedan A,Sedan,4,606145.0,2424580.0
ORD0989,11-30-25,East,Neha,Hatchback C,Hatchback,5,1434148.79,7170743.95
ORD0990,07-16-25,East,Rahul,Sedan D,Sedan,2,1136671.46,2273342.92
ORD0991,12-15-25,West,Vikas,Sedan D,Sedan,3,1490024.26,4470072.78
ORD0992,05-25-25,South,Sneha,SUV E,SUV,5,1149580.2,5747901.0
ORD0993,09-05-25,West,Neha,SUV B,SUV,6,818460.39,4910762.34
ORD0994,06-23-25,South,Rahul,Sedan A,Sedan,2,1107861.14,2215722.28
ORD0995,12-09-25,East,Amit,Sedan A,Sedan,6,521086.32,3126517.92
ORD0996,07-01-25,East,Neha,Hatchback C,Hatchback,2,920457.79,1840915.58
ORD0997,11-16-25,West,Amit,SUV B,SUV,2,500361.27,1000722.54
ORD0998,03-10-25,East,Sneha,Sedan D,Sedan,1,1266750.24,1266750.24
ORD0999,03-11-25,West,Rahul,Sedan D,Sedan,7,1347815.05,9434705.35
ORD1000,10-20-25,West,Sneha,Hatchback C,Hatchback,3,761180.99,2283542.97
